,plot_id,value,first_date,last_date,total_area,credits_all,eco_id_list,eco_id,area_certifier,proportion_certified,credits_certified,credits_imrv
0,1,gold,2014-05-31,2023-12-31,30.813824459650764,602.9238310044442,"[53, 79, 87, 441, 792, 915, 1099, 1100, 1104, 1107, 1213, 1463, 2258, 2292, 2307, 2325, 2346, 2385, 2402, 2892, 2931, 2934, 3532, 3536, 3601, 3957, 5196, 5275, 6853, 6868, 7144, 7205, 7375, 7380, 7417, 8208, 8414, 8444, 8915, 9023, 9197, 9330, 9338, 9344, 10149, 10380, 11118, 11369, 11505, 11512, 11513, 11514, 11515, 11516, 11517, 11519, 11575, 11576, 11583, 11593, 11599, 11601, 11604, 11612, 11613, 11622, 11765, 11890, 11892, 11893, 11898, 12003, 12006, 12039, 12053, 12118, 12201, 12244]","53, 79, 87, 441, 792, 915, 1099, 1100, 1104, 1107, 1213, 1463, 2258, 2292, 2307, 2325, 2346, 2385, 2402, 2892, 2931, 2934, 3532, 3536, 3601, 3957, 5196, 5275, 6853, 6868, 7144, 7205, 7375, 7380, 7417, 8208, 8414, 8444, 8915, 9023, 9197, 9330, 9338, 9344, 10149, 10380, 11118, 11369, 11505, 11512, 11513, 11514, 11515, 11516, 11517, 11519, 11575, 11576, 11583, 11593, 11599, 11601, 11604, 11612, 11613, 11622, 11765, 11890, 11892, 11893, 11898, 12003, 12006, 12039, 12053, 12118, 12201, 12244",30.0,0.97358898241546,586.9999991016476,15.923831902796604
1,2,platinum,2014-02-28,2023-12-31,44.09564001333646,1022.196696031223,"[53, 64, 69, 72, 74, 79, 80, 87, 414, 415, 426, 441, 792, 807, 915, 1099, 1104, 1213, 1463, 2258, 2292, 2307, 2325, 2346, 2385, 2402, 2715, 2892, 2931, 2934, 3532, 3536, 3601, 3957, 3990, 3991, 5196, 7144, 7375, 7380, 7417, 8208, 8293, 8414, 8444, 8915, 9023, 9197, 9330, 9338, 9344, 10149, 10380, 10756, 11118, 11369, 11505, 11512, 11513, 11514, 11515, 11516, 11517, 11519, 11545, 11549, 11564, 11570, 11573, 11574, 11575, 11576, 11583, 11593, 11599, 11601, 11604, 11612, 11613, 11622, 11765, 11890, 11892, 11893, 11898, 11905, 11906, 11907, 12003, 12006, 12039, 12053, 12118, 12201, 12244]","53, 64, 69, 72, 74, 79, 80, 87, 414, 415, 426, 441, 792, 807, 915, 1099, 1104, 1213, 1463, 2258, 2292, 2307, 2325, 2346, 2385, 2402, 2715, 2892, 2931, 2934, 3532, 3536, 3601, 3957, 3990, 3991, 5196, 7144, 7375, 7380, 7417, 8208, 8293, 8414, 8444, 8915, 9023, 9197, 9330, 9338, 9344, 10149, 10380, 10756, 11118, 11369, 11505, 11512, 11513, 11514, 11515, 11516, 11517, 11519, 11545, 11549, 11564, 11570, 11573, 11574, 11575, 11576, 11583, 11593, 11599, 11601, 11604, 11612, 11613, 11622, 11765, 11890, 11892, 11893, 11898, 11905, 11906, 11907, 12003, 12006, 12039, 12053, 12118, 12201, 12244",45.0,1.0,1022.196696031223,0.0
2,3,platinum,2014-02-28,2023-12-31,64.8340503035489,1488.983773736201,"[53, 69, 72, 74, 79, 80, 87, 414, 415, 426, 441, 792, 807, 915, 1099, 1104, 1213, 1463, 2258, 2292, 2307, 2325, 2346, 2385, 2402, 2715, 2810, 2892, 2931, 2934, 3532, 3536, 3601, 3957, 3990, 3991, 5196, 7144, 7375, 7380, 7417, 8208, 8293, 8414, 8444, 8915, 9023, 9197, 9330, 9338, 9344, 10149, 10380, 10756, 11118, 11369, 11505, 11512, 11513, 11514, 11515, 11516, 11517, 11519, 11545, 11549, 11564, 11570, 11573, 11574, 11575, 11576, 11583, 11593, 11599, 11601, 11604, 11612, 11613, 11622, 11765, 11890, 11892, 11893, 11898, 11905, 11906, 11907, 12003, 12006, 12039, 12053, 12118, 12201, 12244]","53, 69, 72, 74, 79, 80, 87, 414, 415, 426, 441, 792, 807, 915, 1099, 1104, 1213, 1463, 2258, 2292, 2307, 2325, 2346, 2385, 2402, 2715, 2810, 2892, 2931, 2934, 3532, 3536, 3601, 3957, 3990, 3991, 5196, 7144, 7375, 7380, 7417, 8208, 8293, 8414, 8444, 8915, 9023, 9197, 9330, 9338, 9344, 10149, 10380, 10756, 11118, 11369, 11505, 11512, 11513, 11514, 11515, 11516, 11517, 11519, 11545, 11549, 11564, 11570, 11573, 11574, 11575, 11576, 11583, 11593, 11599, 11601, 11604, 11612, 11613, 11622, 11765, 11890, 11892, 11893, 11898, 11905, 11906, 11907, 12003, 12006, 12039, 12053, 12118, 12201, 12244",46.5,0.7172157189361139,1067.9225677644174,421.06120597178364
3,4,platinum,2014-02-28,2023-12-31,50.52396683825766,1208.40636363886,"[53, 69, 72, 74, 79, 80, 87, 414, 415, 426, 441, 792, 807, 1099, 1104, 1213, 1463, 2258, 2292, 2307, 2325, 2346, 2385, 2402, 2715, 2892, 2931, 2934, 3532, 3536, 3601, 3957, 3990, 3991, 5196, 7144, 7375, 7380, 7417, 8208, 8293, 8414, 8444, 8915, 9023, 9197, 9330, 9338, 9344, 10149, 10380, 10756, 11118, 11369, 11505, 11512, 11513, 11514, 11515, 11516, 11517, 11519, 11545, 11549, 11564, 11570, 11571, 11573, 11574, 11575, 11576, 11583, 11593, 11599, 11601, 11604, 11612, 11613, 11622, 11765, 11890, 11892, 11893, 11898, 11905, 11906, 11907, 12003, 12006, 12039, 12053, 12118, 12201, 12244]","53, 69, 72, 74, 79, 80, 87, 414, 415, 426, 441, 792, 807, 1099, 1104, 1213, 1463, 2258, 2292, 2307, 2325, 2346, 2385, 2402, 2715, 2892, 2931, 2934, 3532, 3536, 3601, 3957, 3990, 3991, 5196, 7144, 7375, 7380, 7417, 8208, 8293, 8414, 8444, 8915, 9023, 9197, 9330, 9338, 9344, 10149, 10380, 10756, 11118, 11369, 11505, 11512, 11513, 11514, 11515, 11516, 11517, 11519, 11545, 11549, 11564, 11570, 11571, 11573, 11574, 11575, 11576, 11583, 11593, 11599, 11601, 11604, 11612, 11613, 11622, 11765, 11890, 11892, 11893, 11898, 11905, 11906, 11907, 12003, 12006, 12039, 12053, 12118, 12201, 12244",45.0,0.8906664067779648,1076.2869538298503,132.11940980900985
4,5,platinum,2014-05-31,2023-12-31,67.03459683076471,1323.0188673270866,"[21, 53, 79, 87, 441, 792, 807, 915, 1099, 1104, 1213, 1463, 2258, 2292, 2307, 2325, 2346, 2385, 2402, 2715, 2892, 2931, 2934, 3532, 3536, 3601, 3957, 5196, 6853, 6868, 7144, 7205, 7375, 7380, 7417, 8208, 8414, 8444, 8915, 9023, 9197, 9330, 9338, 9344, 10149, 10380, 11118, 11369, 11505, 11512, 11513, 11514, 11515, 11516, 11517, 11519, 11575, 11576, 11583, 11593, 11599, 11601, 11604, 11612, 11613, 11622, 11765, 11890, 11892, 11893, 11898, 12003, 12006, 12039, 12053, 12118, 12201, 12244]","21, 53, 79, 87, 441, 792, 807, 915, 1099, 1104, 1213, 1463, 2258, 2292, 2307, 2325, 2346, 2385, 2402, 2715, 2892, 2931, 2934, 3532, 3536, 3601, 3957, 5196, 6853, 6868, 7144, 7205, 7375, 7380, 7417, 8208, 8414, 8444, 8915, 9023, 9197, 9330, 9338, 9344, 10149, 10380, 11118, 11369, 11505, 11512, 11513, 11514, 11515, 11516, 11517, 11519, 11575, 11576, 11583, 11593, 11599, 11601, 11604, 11612, 11613, 11622, 11765, 11890, 11892, 11893, 11898, 12003, 12006, 12039, 12053, 12118, 12201, 12244",43.94,0.6554824236644662,867.2156137093756,455.80325361771105
5,6,platinum,2014-03-31,2023-12-31,14.778504870113936,333.14210457334923,"[53, 69, 74, 79, 87, 414, 415, 426, 441, 792, 807, 915, 1099, 1104, 1213, 1463, 2258, 2292, 2307, 2325, 2346, 2385, 2402, 2715, 2892, 2931, 2934, 3532, 3536, 3601, 3957, 3990, 3991, 5196, 6853, 6868, 7144, 7205, 7375, 7380, 7417, 8208, 8293, 8414, 8444, 8915, 9023, 9197, 9330, 9338, 9344, 10149, 10380, 10756, 11118, 11369, 11505, 11512, 11513, 11514, 11515, 11516, 11517, 11519, 11545, 11549, 11574, 11575, 11576, 11583, 11593, 11599, 11601, 11604, 11612, 11613, 11622, 11765, 11890, 11892, 11893, 11898, 11905, 11906, 12003, 12006, 12039, 12053, 12118, 12201, 12244]","53, 69, 74, 79, 87, 414, 415, 426, 441, 792, 807, 915, 1099, 1104, 1213, 1463, 2258, 2292, 2307, 2325, 2346, 2385, 2402, 2715, 2892, 2931, 2934, 3532, 3536, 3601, 3957, 3990, 3991, 5196, 6853, 6868, 7144, 7205, 7375, 7380, 7417, 8208, 8293, 8414, 8444, 8915, 9023, 9197, 9330, 9338, 9344, 10149, 10380, 10756, 11118, 11369, 11505, 11512, 11513, 11514, 11515, 11516, 11517, 11519, 11545, 11549, 11574, 11575, 11576, 11583, 11593, 11599, 11601, 11604, 11612, 11613, 11622, 11765, 11890, 11892, 11893, 11898, 11905, 11906, 12003, 12006, 12039, 12053, 12118, 12201, 12244",6.0,0.405995061931711,135.25404937831746,197.88805519503177
6,8,platinum,2014-05-31,2023-12-31,66.82533540251976,1442.0515270835842,"[53, 69, 79, 80, 87, 414, 415, 426, 441, 703, 792, 807, 815, 915, 1037, 1099, 1104, 1213, 1463, 2258, 2292, 2307, 2325, 2346, 2385, 2402, 2715, 2892, 2931, 2934, 3532, 3536, 3601, 3957, 3990, 3991, 5196, 6853, 6868, 7144, 7205, 7375, 7380, 7417, 8208, 8293, 8414, 8444, 8915, 9023, 9197, 9330, 9338, 9344, 10149, 10380, 10756, 11118, 11369, 11505, 11512, 11513, 11514, 11515, 11516, 11517, 11519, 11545, 11549, 11564, 11570, 11573, 11574, 11575, 11576, 11583, 11593, 11599, 11601, 11604, 11612, 11613, 11622, 11765, 11890, 11892, 11893, 11898, 11905, 11906, 11907, 12003, 12006, 12039, 12053, 12118, 12201, 12244]","53, 69, 79, 80, 87, 414, 415, 426, 441, 703, 792, 807, 815, 915, 1037, 1099, 1104, 1213, 1463, 2258, 2292, 2307, 2325, 2346, 2385, 2402, 2715, 2892, 2931, 2934, 3532, 3536, 3601, 3957, 3990, 3991, 5196, 6853, 6868, 7144, 7205, 7375, 7380, 7417, 8208, 8293, 8414, 8444, 8915, 9023, 9197, 9330, 9338, 9344, 10149, 10380, 10756, 11118, 11369, 11505, 11512, 11513, 11514, 11515, 11516, 11517, 11519, 11545, 11549, 11564, 11570, 11573, 11574, 11575, 11576, 11583, 11593, 11599, 11601, 11604, 11612, 11613, 11622, 11765, 11890, 11892, 11893, 11898, 11905, 11906, 11907, 12003, 12006, 12039, 12053, 12118, 12201, 12244",64.4,0.9637063489781108,1389.7142122040302,52.337314879554
7,9,platinum,2014-05-31,2023-12-31,10.096988084830922,23.724021537528095,"[53, 79, 87, 441, 792, 915, 1099, 1104, 1107, 1213, 1463, 2258, 2292, 2307, 2325, 2346, 2385, 2402, 2892, 2931, 2934, 3532, 3536, 3601, 3957, 5196, 6853, 6868, 7144, 7205, 7375, 7380, 7417, 8208, 8414, 8444, 8915, 9023, 9197, 9330, 9338, 9344, 10149, 10380, 11118, 11369, 11505, 11512, 11513, 11514, 11515, 11516, 11517, 11519, 11575, 11576, 11583, 11593, 11599, 11601, 11604, 11612, 11613, 11622, 11765, 11890, 11892, 11893, 11898, 12003, 12006, 12039, 12053, 12118, 12201, 12244]","53, 79, 87, 441, 792, 915, 1099, 1104, 1107, 1213, 1463, 2258, 2292, 2307, 2325, 2346, 2385, 2402, 2892, 2931, 2934, 3532, 3536, 3601, 3957, 5196, 6853, 6868, 7144, 7205, 7375, 7380, 7417, 8208, 8414, 8444, 8915, 9023, 9197, 9330, 9338, 9344, 10149, 10380, 11118, 11369, 11505, 11512, 11513, 11514, 11515, 11516, 11517, 11519, 11575, 11576, 11583, 11593, 11599, 11601, 11604, 11612, 11613, 11622, 11765, 11890, 11892, 11893, 11898, 12003, 12006, 12039, 12053, 12118, 12201, 12244",10.0,0.9903943548297703,23.496137004627712,0.2278845329003812
8,9,gold,2014-05-31,2023-12-31,10.096988084830922,173.84034572327292,"[53, 79, 87, 441, 792, 915, 1099, 1100, 1104, 1107, 1213, 1463, 2258, 2292, 2307, 2325, 2346, 2385, 2402, 2892, 2931, 2934, 3532, 3536, 3601, 3957, 5196, 6853, 6868, 7144, 7205, 7375, 7380, 7417, 8208, 8414, 8444, 8915, 9023, 9197, 9330, 9338, 9344, 10149, 10380, 11118, 11369, 11505, 11512, 11513, 11514, 11515, 11516, 11517, 11519, 11575, 11576, 11583, 11593, 11599, 11601, 11604, 11612, 11613, 11622, 11765, 11890, 11892, 11893, 11898, 12003, 12006, 12039, 12053, 12118, 12201, 12244]","53, 79, 87, 441, 792, 915, 1099, 1100, 1104, 1107, 1213, 1463, 2258, 2292, 2307, 2325, 2346, 2385, 2402, 2892, 2931, 2934, 3532, 3536, 3601, 3957, 5196, 6853, 6868, 7144, 7205, 7375, 7380, 7417, 8208, 8414, 8444, 8915, 9023, 9197, 9330, 9338, 9344, 10149, 10380, 11118, 11369, 11505, 11512, 11513, 11514, 11515, 11516, 11517, 11519, 11575, 11576, 11583, 11593, 11599, 11601, 11604, 11612, 11613, 11622, 11765, 11890, 11892, 11893, 11898, 12003, 12006, 12039, 12053, 12118, 12201, 12244",10.0,0.9903943548297703,172.17049704598512,1.6698486772878107
9,10,platinum,2014-03-31,2023-12-31,79.31154586891465,1742.0681595417961,"[53, 74, 79, 87, 441, 792, 807, 1213, 1463, 2258, 2292, 2307, 2325, 2346, 2385, 2402, 2715, 2892, 2931, 2934, 3532, 3536, 3601, 3957, 5196, 7375, 7380, 7417, 8208, 8414, 8444, 8915, 9023, 9197, 9330, 9338, 9344, 10149, 10380, 10756, 11118, 11369, 11505, 11512, 11513, 11514, 11515, 11516, 11517, 11519, 11545, 11549, 11571, 11574, 11575, 11576, 11583, 11593, 11599, 11601, 11604, 11612, 11613, 11622, 11765, 11890, 11892, 11893, 11898, 12003, 12006, 12039, 12053, 12118, 12201, 12244]","53, 74, 79, 87, 441, 792, 807, 1213, 1463, 2258, 2292, 2307, 2325, 2346, 2385, 2402, 2715, 2892, 2931, 2934, 3532, 3536, 3601, 3957, 5196, 7375, 7380, 7417, 8208, 8414, 8444, 8915, 9023, 9197, 9330, 9338, 9344, 10149, 10380, 10756, 11118, 11369, 11505, 11512, 11513, 11514, 11515, 11516, 11517, 11519, 11545, 11549, 11571, 11574, 11575, 11576, 11583, 11593, 11599, 11601, 11604, 11612, 11613, 11622, 11765, 11890, 11892, 11893, 11898, 12003, 12006, 12039, 12053, 12118, 12201, 12244",45.0,0.5673827121510853,988.4193571128739,753.6488024289223
10,11,platinum,2014-02-28,2023-12-31,44.11351895965784,1055.8122534267932,"[53, 69, 72, 74, 79, 80, 87, 414, 415, 426, 441, 792, 807, 915, 1213, 1463, 2258, 2292, 2307, 2325, 2346, 2385, 2402, 2563, 2565, 2715, 2892, 2931, 2934, 3532, 3536, 3601, 3957, 3990, 3991, 5196, 5720, 7144, 7375, 7380, 7417, 8208, 8293, 8414, 8444, 8915, 9023, 9197, 9330, 9338, 9344, 10149, 10380, 10756, 11118, 11369, 11505, 11512, 11513, 11514, 11515, 11516, 11517, 11519, 11545, 11549, 11564, 11570, 11571, 11573, 11574, 11575, 11576, 11583, 11593, 11599, 11601, 11604, 11612, 11613, 11622, 11765, 11890, 11892, 11893, 11898, 11905, 11906, 11907, 12003, 12006, 12039, 12053, 12118, 12201, 12244]","53, 69, 72, 74, 79, 80, 87, 414, 415, 426, 441, 792, 807, 915, 1213, 1463, 2258, 2292, 2307, 2325, 2346, 2385, 2402, 2563, 2565, 2715, 2892, 2931, 2934, 3532, 3536, 3601, 3957, 3990, 3991, 5196, 5720, 7144, 7375, 7380, 7417, 8208, 8293, 8414, 8444, 8915, 9023, 9197, 9330, 9338, 9344, 10149, 10380, 10756, 11118, 11369, 11505, 11512, 11513, 11514, 11515, 11516, 11517, 11519, 11545, 11549, 11564, 11570, 11571, 11573, 11574, 11575, 11576, 11583, 11593, 11599, 11601, 11604, 11612, 11613, 11622, 11765, 11890, 11892, 11893, 11898, 11905, 11906, 11907, 12003, 12006, 12039, 12053, 12118, 12201, 12244",44.3,1.0,1055.8122534267932,0.0
11,12,platinum,2014-02-28,2023-12-31,46.54923815404714,1048.15772984149,"[53, 69, 72, 74, 79, 80, 87, 414, 415, 426, 441, 792, 807, 915, 1213, 1463, 2258, 2292, 2307, 2325, 2346, 2385, 2402, 2715, 2892, 2931, 2934, 3532, 3536, 3601, 3957, 3990, 3991, 5196, 7144, 7375, 7380, 7417, 8208, 8293, 8414, 8444, 8915, 9023, 9197, 9330, 9338, 9344, 10149, 10380, 10756, 11118, 11369, 11505, 11512, 11513, 11514, 11515, 11516, 11517, 11519, 11545, 11549, 11564, 11570, 11573, 11574, 11575, 11576, 11583, 11593, 11599, 11601, 11604, 11612, 11613, 11622, 11765, 11890, 11892, 11893, 11898, 11905, 11906, 11907, 12003, 12006, 12039, 12053, 12118, 12201, 12244]","53, 69, 72, 74, 79, 80, 87, 414, 415, 426, 441, 792, 807, 915, 1213, 1463, 2258, 2292, 2307, 2325, 2346, 2385, 2402, 2715, 2892, 2931, 2934, 3532, 3536, 3601, 3957, 3990, 3991, 5196, 7144, 7375, 7380, 7417, 8208, 8293, 8414, 8444, 8915, 9023, 9197, 9330, 9338, 9344, 10149, 10380, 10756, 11118, 11369, 11505, 11512, 11513, 11514, 11515, 11516, 11517, 11519, 11545, 11549, 11564, 11570, 11573, 11574, 11575, 11576, 11583, 11593, 11599, 11601, 11604, 11612, 11613, 11622, 11765, 11890, 11892, 11893, 11898, 11905, 11906, 11907, 12003, 12006, 12039, 12053, 12118, 12201, 12244",44.9,0.9645700290821247,1011.0215319558598,37.13619788563014
12,18,platinum,2014-02-28,2023-12-31,142.03420120698848,3320.8666815914116,"[53, 64, 69, 72, 74, 79, 80, 87, 414, 415, 426, 441, 792, 807, 915, 1099, 1104, 1213, 1463, 2258, 2292, 2307, 2325, 2346, 2385, 2402, 2525, 2715, 2892, 2931, 2934, 3532, 3536, 3601, 3957, 3990, 3991, 5196, 5711, 7144, 7375, 7380, 7417, 8208, 8293, 8414, 8444, 8915, 9023, 9197, 9330, 9338, 9344, 10149, 10380, 10756, 11118, 11369, 11505, 11512, 11513, 11514, 11515, 11516, 11517, 11519, 11545, 11549, 11564, 11570, 11571, 11573, 11574, 11575, 11576, 11583, 11593, 11599, 11601, 11604, 11612, 11613, 11622, 11765, 11890, 11892, 11893, 11898, 11905, 11906, 11907, 12003, 12006, 12039, 12053, 12118, 12201, 12244]","53, 64, 69, 72, 74, 79, 80, 87, 414, 415, 426, 441, 792, 807, 915, 1099, 1104, 1213, 1463, 2258, 2292, 2307, 2325, 2346, 2385, 2402, 2525, 2715, 2892, 2931, 2934, 3532, 3536, 3601, 3957, 3990, 3991, 5196, 5711, 7144, 7375, 7380, 7417, 8208, 8293, 8414, 8444, 8915, 9023, 9197, 9330, 9338, 9344, 10149, 10380, 10756, 11118, 11369, 11505, 11512, 11513, 11514, 11515, 11516, 11517, 11519, 11545, 11549, 11564, 11570, 11571, 11573, 11574, 11575, 11576, 11583, 11593, 11599, 11601, 11604, 11612, 11613, 11622, 11765, 11890, 11892, 11893, 11898, 11905, 11906, 11907, 12003, 12006, 12039, 12053, 12118, 12201, 12244",25.0,0.17601394444122045,584.5188435903309,2736.347838001081
13,20,platinum,2014-02-28,2023-12-31,41.820421668072065,960.468192201879,"[53, 72, 74, 79, 87, 441, 792, 807, 1213, 1463, 2258, 2292, 2307, 2325, 2346, 2385, 2402, 2563, 2565, 2715, 2892, 2931, 2934, 3532, 3536, 3601, 3957, 5196, 5720, 7375, 7380, 7417, 8208, 8414, 8444, 8915, 9023, 9197, 9330, 9338, 9344, 10149, 10380, 10756, 11118, 11369, 11505, 11512, 11513, 11514, 11515, 11516, 11517, 11519, 11545, 11549, 11571, 11574, 11575, 11576, 11583, 11593, 11599, 11601, 11604, 11612, 11613, 11622, 11765, 11890, 11892, 11893, 11898, 12003, 12006, 12039, 12053, 12118, 12201, 12244]","53, 72, 74, 79, 87, 441, 792, 807, 1213, 1463, 2258, 2292, 2307, 2325, 2346, 2385, 2402, 2563, 2565, 2715, 2892, 2931, 2934, 3532, 3536, 3601, 3957, 5196, 5720, 7375, 7380, 7417, 8208, 8414, 8444, 8915, 9023, 9197, 9330, 9338, 9344, 10149, 10380, 10756, 11118, 11369, 11505, 11512, 11513, 11514, 11515, 11516, 11517, 11519, 11545, 11549, 11571, 11574, 11575, 11576, 11583, 11593, 11599, 11601, 11604, 11612, 11613, 11622, 11765, 11890, 11892, 11893, 11898, 12003, 12006, 12039, 12053, 12118, 12201, 12244",44.7,1.0,960.468192201879,0.0
14,23,platinum,2014-03-31,2023-12-31,44.55856570839401,978.3444551037343,"[53, 69, 74, 79, 87, 414, 415, 426, 441, 792, 807, 915, 1099, 1104, 1213, 1463, 2258, 2292, 2307, 2325, 2346, 2385, 2402, 2715, 2892, 2931, 2934, 3532, 3536, 3601, 3957, 3990, 3991, 5196, 6853, 6868, 7144, 7205, 7375, 7380, 7417, 8208, 8293, 8414, 8444, 8915, 9023, 9197, 9330, 9338, 9344, 10149, 10380, 10756, 11118, 11369, 11505, 11512, 11513, 11514, 11515, 11516, 11517, 11519, 11545, 11549, 11574, 11575, 11576, 11583, 11593, 11599, 11601, 11604, 11612, 11613, 11622, 11765, 11890, 11892, 11893, 11898, 11905, 11906, 12003, 12006, 12039, 12053, 12118, 12201, 12244]","53, 69, 74, 79, 87, 414, 415, 426, 441, 792, 807, 915, 1099, 1104, 1213, 1463, 2258, 2292, 2307, 2325, 2346, 2385, 2402, 2715, 2892, 2931, 2934, 3532, 3536, 3601, 3957, 3990, 3991, 5196, 6853, 6868, 7144, 7205, 7375, 7380, 7417, 8208, 8293, 8414, 8444, 8915, 9023, 9197, 9330, 9338, 9344, 10149, 10380, 10756, 11118, 11369, 11505, 11512, 11513, 11514, 11515, 11516, 11517, 11519, 11545, 11549, 11574, 11575, 11576, 11583, 11593, 11599, 11601, 11604, 11612, 11613, 11622, 11765, 11890, 11892, 11893, 11898, 11905, 11906, 12003, 12006, 12039, 12053, 12118, 12201, 12244",0.0,0.0,0.0,978.3444551037343
15,28,platinum,2014-05-31,2023-12-31,53.3086464109782,1043.072513251018,"[53, 79, 87, 441, 792, 807, 915, 1099, 1104, 1213, 1463, 2258, 2292, 2307, 2325, 2346, 2385, 2402, 2715, 2892, 2931, 2934, 3532, 3536, 3601, 3957, 5196, 7144, 7375, 7380, 7417, 8208, 8414, 8444, 8915, 9023, 9197, 9330, 9338, 9344, 10149, 10380, 11118, 11369, 11505, 11512, 11513, 11514, 11515, 11516, 11517, 11519, 11575, 11576, 11583, 11593, 11599, 11601, 11604, 11612, 11613, 11622, 11765, 11890, 11892, 11893, 11898, 12003, 12006, 12039, 12053, 12118, 12201, 12244]","53, 79, 87, 441, 792, 807, 915, 1099, 1104, 1213, 1463, 2258, 2292, 2307, 2325, 2346, 2385, 2402, 2715, 2892, 2931, 2934, 3532, 3536, 3601, 3957, 5196, 7144, 7375, 7380, 7417, 8208, 8414, 8444, 8915, 9023, 9197, 9330, 9338, 9344, 10149, 10380, 11118, 11369, 11505, 11512, 11513, 11514, 11515, 11516, 11517, 11519, 11575, 11576, 11583, 11593, 11599, 11601, 11604, 11612, 11613, 11622, 11765, 11890, 11892, 11893, 11898, 12003, 12006, 12039, 12053, 12118, 12201, 12244",44.9,0.8422648673884439,878.5433320498996,164.5291812011185
16,29,platinum,2014-02-28,2023-12-31,43.99720409210636,945.2326057868285,"[53, 64, 69, 72, 74, 79, 80, 87, 414, 415, 426, 441, 792, 807, 915, 1099, 1104, 1213, 1463, 2258, 2292, 2307, 2325, 2346, 2385, 2402, 2715, 2892, 2931, 2934, 3532, 3536, 3601, 3957, 3990, 3991, 5101, 5196, 7144, 7375, 7380, 7417, 8208, 8293, 8414, 8444, 8915, 9023, 9197, 9330, 9338, 9344, 10149, 10380, 10756, 11118, 11369, 11505, 11512, 11513, 11514, 11515, 11516, 11517, 11519, 11545, 11549, 11564, 11570, 11573, 11574, 11575, 11576, 11583, 11593, 11599, 11601, 11604, 11612, 11613, 11622, 11765, 11890, 11892, 11893, 11898, 11905, 11906, 11907, 12003, 12006, 12039, 12053, 12118, 12201, 12244]","53, 64, 69, 72, 74, 79, 80, 87, 414, 415, 426, 441, 792, 807, 915, 1099, 1104, 1213, 1463, 2258, 2292, 2307, 2325, 2346, 2385, 2402, 2715, 2892, 2931, 2934, 3532, 3536, 3601, 3957, 3990, 3991, 5101, 5196, 7144, 7375, 7380, 7417, 8208, 8293, 8414, 8444, 8915, 9023, 9197, 9330, 9338, 9344, 10149, 10380, 10756, 11118, 11369, 11505, 11512, 11513, 11514, 11515, 11516, 11517, 11519, 11545, 11549, 11564, 11570, 11573, 11574, 11575, 11576, 11583, 11593, 11599, 11601, 11604, 11612, 11613, 11622, 11765, 11890, 11892, 11893, 11898, 11905, 11906, 11907, 12003, 12006, 12039, 12053, 12118, 12201, 12244",44.9,1.0,945.2326057868285,0.0
17,30,platinum,2014-05-31,2023-12-31,30.651713620012845,599.7518622696983,"[53, 79, 87, 441, 792, 807, 915, 1099, 1104, 1213, 1463, 2258, 2292, 2307, 2325, 2346, 2385, 2402, 2892, 2931, 2934, 3532, 3536, 3601, 3957, 5196, 6853, 6868, 7144, 7205, 7375, 7380, 7417, 8208, 8414, 8444, 8915, 9023, 9197, 9330, 9338, 9344, 10149, 10380, 11118, 11369, 11505, 11512, 11513, 11514, 11515, 11516, 11517, 11519, 11575, 11576, 11583, 11593, 11599, 11601, 11604, 11612, 11613, 11622, 11765, 11890, 11892, 11893, 11898, 12003, 12006, 12039, 12053, 12118, 12201, 12244]","53, 79, 87, 441, 792, 807, 915, 1099, 1104, 1213, 1463, 2258, 2292, 2307, 2325, 2346, 2385, 2402, 2892, 2931, 2934, 3532, 3536, 3601, 3957, 5196, 6853, 6868, 7144, 7205, 7375, 7380, 7417, 8208, 8414, 8444, 8915, 9023, 9197, 9330, 9338, 9344, 10149, 10380, 11118, 11369, 11505, 11512, 11513, 11514, 11515, 11516, 11517, 11519, 11575, 11576, 11583, 11593, 11599, 11601, 11604, 11612, 11613, 11622, 11765, 11890, 11892, 11893, 11898, 12003, 12006, 12039, 12053, 12118, 12201, 12244",12.15,0.39638893115806517,237.73499964514482,362.0168626245535
18,34,platinum,2014-05-31,2023-12-31,129.7074171247841,2537.9417914458286,"[53, 79, 87, 441, 792, 807, 915, 1099, 1104, 1213, 1463, 2258, 2292, 2307, 2325, 2346, 2385, 2402, 2715, 2892, 2931, 2934, 3532, 3536, 3601, 3957, 5196, 7144, 7375, 7380, 7417, 8208, 8414, 8444, 8915, 9023, 9197, 9330, 9338, 9344, 10149, 10380, 11118, 11369, 11505, 11512, 11513, 11514, 11515, 11516, 11517, 11519, 11575, 11576, 11583, 11593, 11599, 11601, 11604, 11612, 11613, 11622, 11765, 11890, 11892, 11893, 11898, 12003, 12006, 12039, 12053, 12118, 12201, 12244]","53, 79, 87, 441, 792, 807, 915, 1099, 1104, 1213, 1463, 2258, 2292, 2307, 2325, 2346, 2385, 2402, 2715, 2892, 2931, 2934, 3532, 3536, 3601, 3957, 5196, 7144, 7375, 7380, 7417, 8208, 8414, 8444, 8915, 9023, 9197, 9330, 9338, 9344, 10149, 10380, 11118, 11369, 11505, 11512, 11513, 11514, 11515, 11516, 11517, 11519, 11575, 11576, 11583, 11593, 11599, 11601, 11604, 11612, 11613, 11622, 11765, 11890, 11892, 11893, 11898, 12003, 12006, 12039, 12053, 12118, 12201, 12244",129.9723,1.0,2537.9417914458286,0.0
19,35,platinum,2014-05-31,2023-12-31,41.86048669617389,43.576496200151375,"[53, 79, 87, 441, 792, 915, 1099, 1104, 1213, 1463, 2258, 2292, 2307, 2325, 2346, 2385, 2402, 2892, 2931, 2934, 3532, 3536, 3601, 3957, 5196, 6853, 6868, 7144, 7205, 7375, 7380, 7417, 8208, 8414, 8444, 8915, 9023, 9197, 9330, 9338, 9344, 10149, 10380, 11118, 11369, 11505, 11512, 11513, 11514, 11515, 11516, 11517, 11519, 11575, 11576, 11583, 11593, 11599, 11601, 11604, 11612, 11613, 11622, 11765, 11890, 11892, 11893, 11898, 12003, 12006, 12039, 12053, 12118, 12201, 12244]","53, 79, 87, 441, 792, 915, 1099, 1104, 1213, 1463, 2258, 2292, 2307, 2325, 2346, 2385, 2402, 2892, 2931, 2934, 3532, 3536, 3601, 3957, 5196, 6853, 6868, 7144, 7205, 7375, 7380, 7417, 8208, 8414, 8444, 8915, 9023, 9197, 9330, 9338, 9344, 10149, 10380, 11118, 11369, 11505, 11512, 11513, 11514, 11515, 11516, 11517, 11519, 11575, 11576, 11583, 11593, 11599, 11601, 11604, 11612, 11613, 11622, 11765, 11890, 11892, 11893, 11898, 12003, 12006, 12039, 12053, 12118, 12201, 12244",40.7,0.9722772765496785,42.368437047060596,1.20805915309078
20,35,gold,2014-05-31,2023-12-31,41.86048669617389,775.493709680397,"[53, 79, 87, 441, 792, 915, 1099, 1100, 1104, 1107, 1213, 1463, 2258, 2292, 2307, 2325, 2346, 2385, 2402, 2892, 2931, 2934, 3532, 3536, 3601, 3957, 5196, 6853, 6868, 7144, 7205, 7375, 7380, 7417, 8208, 8414, 8444, 8915, 9023, 9197, 9330, 9338, 9344, 10149, 10380, 11118, 11369, 11505, 11512, 11513, 11514, 11515, 11516, 11517, 11519, 11575, 11576, 11583, 11593, 11599, 11601, 11604, 11612, 11613, 11622, 11765, 11890, 11892, 11893, 11898, 12003, 12006, 12039, 12053, 12118, 12201, 12244]","53, 79, 87, 441, 792, 915, 1099, 1100, 1104, 1107, 1213, 1463, 2258, 2292, 2307, 2325, 2346, 2385, 2402, 2892, 2931, 2934, 3532, 3536, 3601, 3957, 5196, 6853, 6868, 7144, 7205, 7375, 7380, 7417, 8208, 8414, 8444, 8915, 9023, 9197, 9330, 9338, 9344, 10149, 10380, 11118, 11369, 11505, 11512, 11513, 11514, 11515, 11516, 11517, 11519, 11575, 11576, 11583, 11593, 11599, 11601, 11604, 11612, 11613, 11622, 11765, 11890, 11892, 11893, 11898, 12003, 12006, 12039, 12053, 12118, 12201, 12244",40.7,0.9722772765496785,753.9949120294635,21.49879765093352
21,37,platinum,2014-02-28,2023-12-31,47.54876330236148,1088.771698092131,"[53, 72, 74, 79, 87, 441, 792, 807, 1213, 1463, 2258, 2292, 2307, 2325, 2346, 2402, 2563, 2565, 2715, 2892, 2931, 2934, 3532, 3536, 3601, 3957, 5196, 5720, 7375, 7380, 7417, 8208, 8414, 8444, 8915, 9023, 9197, 9330, 9338, 9344, 10149, 10380, 10756, 11118, 11369, 11505, 11512, 11513, 11514, 11515, 11516, 11517, 11519, 11545, 11549, 11571, 11574, 11575, 11576, 11583, 11593, 11599, 11601, 11604, 11612, 11613, 11622, 11765, 11890, 11892, 11893, 11898, 12003, 12006, 12039, 12053, 12118, 12201, 12244]","53, 72, 74, 79, 87, 441, 792, 807, 1213, 1463, 2258, 2292, 2307, 2325, 2346, 2402, 2563, 2565, 2715, 2892, 2931, 2934, 3532, 3536, 3601, 3957, 5196, 5720, 7375, 7380, 7417, 8208, 8414, 8444, 8915, 9023, 9197, 9330, 9338, 9344, 10149, 10380, 10756, 11118, 11369, 11505, 11512, 11513, 11514, 11515, 11516, 11517, 11519, 11545, 11549, 11571, 11574, 11575, 11576, 11583, 11593, 11599, 11601, 11604, 11612, 11613, 11622, 11765, 11890, 11892, 11893, 11898, 12003, 12006, 12039, 12053, 12118, 12201, 12244",44.7,0.9400875416202467,1023.5407090451328,65.23098904699816
22,39,platinum,2023-03-31,2023-12-31,48.99359461498766,36.660462375694145,"[3516, 3522, 3648, 3715, 5737, 5778, 6433, 6853, 6868, 8225, 9486, 11269]","3516, 3522, 3648, 3715, 5737, 5778, 6433, 6853, 6868, 8225, 9486, 11269",45.0,0.9184874135818976,33.67217326816778,2.988289107526362
23,39,gold,2023-03-31,2023-12-31,48.99359461498766,116.85280019756773,"[3516, 3522, 3648, 3715, 5737, 5778, 6433, 6778, 6853, 6868, 8225, 9486, 11269]","3516, 3522, 3648, 3715, 5737, 5778, 6433, 6778, 6853, 6868, 8225, 9486, 11269",45.0,0.9184874135818976,107.32782622326623,9.524973974301497
24,40,platinum,2014-05-31,2023-12-31,76.72353129731597,1526.96172209388,"[21, 53, 69, 79, 87, 414, 415, 426, 441, 792, 807, 915, 1099, 1104, 1213, 1463, 2258, 2292, 2307, 2325, 2346, 2385, 2402, 2715, 2892, 2931, 2934, 3532, 3536, 3601, 3957, 3990, 3991, 5196, 6853, 6868, 7144, 7205, 7375, 7380, 7417, 8208, 8293, 8414, 8444, 8915, 9023, 9197, 9330, 9338, 9344, 10149, 10380, 10756, 11118, 11369, 11505, 11512, 11513, 11514, 11515, 11516, 11517, 11519, 11545, 11574, 11575, 11576, 11583, 11593, 11599, 11601, 11604, 11612, 11613, 11622, 11765, 11890, 11892, 11893, 11898, 11905, 11906, 12003, 12006, 12039, 12053, 12118, 12201, 12244]","21, 53, 69, 79, 87, 414, 415, 426, 441, 792, 807, 915, 1099, 1104, 1213, 1463, 2258, 2292, 2307, 2325, 2346, 2385, 2402, 2715, 2892, 2931, 2934, 3532, 3536, 3601, 3957, 3990, 3991, 5196, 6853, 6868, 7144, 7205, 7375, 7380, 7417, 8208, 8293, 8414, 8444, 8915, 9023, 9197, 9330, 9338, 9344, 10149, 10380, 10756, 11118, 11369, 11505, 11512, 11513, 11514, 11515, 11516, 11517, 11519, 11545, 11574, 11575, 11576, 11583, 11593, 11599, 11601, 11604, 11612, 11613, 11622, 11765, 11890, 11892, 11893, 11898, 11905, 11906, 12003, 12006, 12039, 12053, 12118, 12201, 12244",79.9,1.0,1526.96172209388,0.0
25,43,platinum,2014-05-31,2023-12-31,30.209663719925548,591.1024192168724,"[53, 79, 87, 441, 792, 807, 915, 1099, 1104, 1213, 1463, 2258, 2292, 2307, 2325, 2346, 2385, 2402, 2892, 2931, 2934, 3532, 3536, 3601, 3957, 5196, 6853, 6868, 7144, 7205, 7375, 7380, 7417, 8208, 8414, 8444, 8915, 9023, 9197, 9330, 9338, 9344, 10149, 10380, 11118, 11369, 11505, 11512, 11513, 11514, 11515, 11516, 11517, 11519, 11545, 11574, 11575, 11576, 11583, 11593, 11599, 11601, 11604, 11612, 11613, 11622, 11765, 11890, 11892, 11893, 11898, 12003, 12006, 12039, 12053, 12118, 12201, 12244]","53, 79, 87, 441, 792, 807, 915, 1099, 1104, 1213, 1463, 2258, 2292, 2307, 2325, 2346, 2385, 2402, 2892, 2931, 2934, 3532, 3536, 3601, 3957, 5196, 6853, 6868, 7144, 7205, 7375, 7380, 7417, 8208, 8414, 8444, 8915, 9023, 9197, 9330, 9338, 9344, 10149, 10380, 11118, 11369, 11505, 11512, 11513, 11514, 11515, 11516, 11517, 11519, 11545, 11574, 11575, 11576, 11583, 11593, 11599, 11601, 11604, 11612, 11613, 11622, 11765, 11890, 11892, 11893, 11898, 12003, 12006, 12039, 12053, 12118, 12201, 12244",29.3,0.9698883202289487,573.3033324575201,17.799086759352203
26,44,platinum,2014-05-31,2023-12-31,130.37843749966902,2589.453690168906,"[53, 69, 79, 80, 87, 414, 415, 426, 441, 792, 807, 915, 1099, 1104, 1213, 1463, 2258, 2292, 2307, 2325, 2346, 2385, 2402, 2715, 2892, 2931, 2934, 3532, 3536, 3601, 3957, 3990, 3991, 5101, 5196, 7144, 7375, 7380, 7417, 8208, 8293, 8414, 8444, 8915, 9023, 9197, 9330, 9338, 9344, 10149, 10380, 11118, 11369, 11505, 11512, 11513, 11514, 11515, 11516, 11517, 11519, 11564, 11570, 11573, 11575, 11576, 11583, 11593, 11599, 11601, 11604, 11612, 11613, 11622, 11765, 11890, 11892, 11893, 11898, 11905, 11906, 11907, 12003, 12006, 12039, 12053, 12118, 12201, 12244]","53, 69, 79, 80, 87, 414, 415, 426, 441, 792, 807, 915, 1099, 1104, 1213, 1463, 2258, 2292, 2307, 2325, 2346, 2385, 2402, 2715, 2892, 2931, 2934, 3532, 3536, 3601, 3957, 3990, 3991, 5101, 5196, 7144, 7375, 7380, 7417, 8208, 8293, 8414, 8444, 8915, 9023, 9197, 9330, 9338, 9344, 10149, 10380, 11118, 11369, 11505, 11512, 11513, 11514, 11515, 11516, 11517, 11519, 11564, 11570, 11573, 11575, 11576, 11583, 11593, 11599, 11601, 11604, 11612, 11613, 11622, 11765, 11890, 11892, 11893, 11898, 11905, 11906, 11907, 12003, 12006, 12039, 12053, 12118, 12201, 12244",78.0,0.5982584351817992,1549.1625126561853,1040.2911775127209
27,45,platinum,2016-05-31,2023-12-31,43.57730080941428,331.4381565973552,"[79, 792, 1213, 2083, 2307, 2931, 2934, 3532, 3536, 3601, 4138, 5700, 6853, 6868, 7205, 7375, 7380, 7417, 8208, 8414, 8444, 8915, 9197, 10149, 10380, 10620, 10747, 10815, 11604, 11622, 12003, 12006]","79, 792, 1213, 2083, 2307, 2931, 2934, 3532, 3536, 3601, 4138, 5700, 6853, 6868, 7205, 7375, 7380, 7417, 8208, 8414, 8444, 8915, 9197, 10149, 10380, 10620, 10747, 10815, 11604, 11622, 12003, 12006",43.1,0.989047031354655,327.80792486027343,3.63023173708178
28,49,platinum,2014-05-31,2023-12-31,37.57369250202345,736.30865502148,"[21, 53, 79, 87, 441, 792, 807, 915, 1099, 1104, 1213, 1463, 2258, 2292, 2307, 2325, 2346, 2385, 2402, 2892, 2931, 2934, 3532, 3536, 3601, 3957, 5196, 6853, 6868, 7144, 7205, 7375, 7380, 7417, 8208, 8414, 8444, 8915, 9023, 9197, 9330, 9338, 9344, 10149, 10380, 11118, 11369, 11505, 11512, 11513, 11514, 11515, 11516, 11517, 11519, 11545, 11574, 11575, 11576, 11583, 11593, 11599, 11601, 11604, 11612, 11613, 11622, 11765, 11890, 11892, 11893, 11898, 12003, 12006, 12039, 12053, 12118, 12201, 12244]","21, 53, 79, 87, 441, 792, 807, 915, 1099, 1104, 1213, 1463, 2258, 2292, 2307, 2325, 2346, 2385, 2402, 2892, 2931, 2934, 3532, 3536, 3601, 3957, 5196, 6853, 6868, 7144, 7205, 7375, 7380, 7417, 8208, 8414, 8444, 8915, 9023, 9197, 9330, 9338, 9344, 10149, 10380, 11118, 11369, 11505, 11512, 11513, 11514, 11515, 11516, 11517, 11519, 11545, 11574, 11575, 11576, 11583, 11593, 11599, 11601, 11604, 11612, 11613, 11622, 11765, 11890, 11892, 11893, 11898, 12003, 12006, 12039, 12053, 12118, 12201, 12244",38.5,1.0,736.30865502148,0.0
29,50,platinum,2014-03-31,2023-12-31,171.92286830471733,3684.8801384740204,"[53, 74, 79, 87, 792, 1213, 1463, 2258, 2292, 2307, 2325, 2346, 2402, 2892, 2931, 2934, 3532, 3536, 3601, 3957, 5196, 7375, 7380, 7417, 8208, 8414, 8444, 8915, 9023, 9330, 9338, 9344, 10149, 10380, 10756, 11118, 11369, 11505, 11512, 11513, 11514, 11515, 11516, 11517, 11519, 11545, 11549, 11571, 11574, 11575, 11576, 11583, 11593, 11599, 11601, 11604, 11612, 11613, 11622, 11765, 11890, 11892, 11893, 11898, 12003, 12006, 12039, 12053, 12118, 12201, 12244]","53, 74, 79, 87, 792, 1213, 1463, 2258, 2292, 2307, 2325, 2346, 2402, 2892, 2931, 2934, 3532, 3536, 3601, 3957, 5196, 7375, 7380, 7417, 8208, 8414, 8444, 8915, 9023, 9330, 9338, 9344, 10149, 10380, 10756, 11118, 11369, 11505, 11512, 11513, 11514, 11515, 11516, 11517, 11519, 11545, 11549, 11571, 11574, 11575, 11576, 11583, 11593, 11599, 11601, 11604, 11612, 11613, 11622, 11765, 11890, 11892, 11893, 11898, 12003, 12006, 12039, 12053, 12118, 12201, 12244",174.0,1.0,3684.8801384740204,0.0
30,59,platinum,2014-05-31,2023-12-31,35.67461588870747,698.041506874546,"[53, 79, 87, 441, 792, 807, 915, 1099, 1104, 1213, 1463, 2258, 2292, 2307, 2325, 2346, 2385, 2402, 2892, 2931, 2934, 3532, 3536, 3601, 3957, 5196, 6853, 6868, 7144, 7205, 7375, 7380, 7417, 8208, 8414, 8444, 8915, 9023, 9197, 9330, 9338, 9344, 10149, 10380, 10756, 11118, 11369, 11505, 11512, 11513, 11514, 11515, 11516, 11517, 11519, 11545, 11574, 11575, 11576, 11583, 11593, 11599, 11601, 11604, 11612, 11613, 11622, 11765, 11890, 11892, 11893, 11898, 12003, 12006, 12039, 12053, 12118, 12201, 12244]","53, 79, 87, 441, 792, 807, 915, 1099, 1104, 1213, 1463, 2258, 2292, 2307, 2325, 2346, 2385, 2402, 2892, 2931, 2934, 3532, 3536, 3601, 3957, 5196, 6853, 6868, 7144, 7205, 7375, 7380, 7417, 8208, 8414, 8444, 8915, 9023, 9197, 9330, 9338, 9344, 10149, 10380, 10756, 11118, 11369, 11505, 11512, 11513, 11514, 11515, 11516, 11517, 11519, 11545, 11574, 11575, 11576, 11583, 11593, 11599, 11601, 11604, 11612, 11613, 11622, 11765, 11890, 11892, 11893, 11898, 12003, 12006, 12039, 12053, 12118, 12201, 12244",38.6,1.0,698.041506874546,0.0
31,60,gold,2023-01-31,2023-03-31,44.98796238280442,0.10569308024549229,[2470],2470,45.0,1.0,0.10569308024549229,0.0
32,61,platinum,2014-05-31,2023-12-31,78.9563925078839,1485.013198243702,"[53, 79, 87, 441, 792, 915, 1099, 1104, 1213, 1463, 2258, 2292, 2307, 2325, 2346, 2385, 2402, 2892, 2931, 2934, 3532, 3536, 3601, 3957, 5196, 6853, 6868, 7144, 7375, 7380, 7417, 8208, 8414, 8444, 8915, 9197, 10149, 10380, 11118, 11369, 11505, 11512, 11513, 11514, 11515, 11516, 11517, 11519, 11575, 11576, 11583, 11593, 11599, 11601, 11604, 11612, 11613, 11622, 11765, 11890, 11892, 11893, 11898, 12003, 12006, 12039, 12053, 12118, 12201, 12244]","53, 79, 87, 441, 792, 915, 1099, 1104, 1213, 1463, 2258, 2292, 2307, 2325, 2346, 2385, 2402, 2892, 2931, 2934, 3532, 3536, 3601, 3957, 5196, 6853, 6868, 7144, 7375, 7380, 7417, 8208, 8414, 8444, 8915, 9197, 10149, 10380, 11118, 11369, 11505, 11512, 11513, 11514, 11515, 11516, 11517, 11519, 11575, 11576, 11583, 11593, 11599, 11601, 11604, 11612, 11613, 11622, 11765, 11890, 11892, 11893, 11898, 12003, 12006, 12039, 12053, 12118, 12201, 12244",42.8,0.5420713718110457,804.9831415294718,680.0300567142301
33,62,platinum,2014-05-31,2023-12-31,72.50797510262674,1418.739377468124,"[53, 79, 87, 441, 792, 807, 915, 1099, 1104, 1213, 1463, 2258, 2292, 2307, 2325, 2346, 2385, 2402, 2715, 2892, 2931, 2934, 3532, 3536, 3601, 3957, 5196, 7144, 7375, 7380, 7417, 8208, 8414, 8444, 8915, 9023, 9197, 9330, 9338, 9344, 10149, 10380, 11118, 11369, 11505, 11512, 11513, 11514, 11515, 11516, 11517, 11519, 11575, 11576, 11583, 11593, 11599, 11601, 11604, 11612, 11613, 11622, 11765, 11890, 11892, 11893, 11898, 12003, 12006, 12039, 12053, 12118, 12201, 12244]","53, 79, 87, 441, 792, 807, 915, 1099, 1104, 1213, 1463, 2258, 2292, 2307, 2325, 2346, 2385, 2402, 2715, 2892, 2931, 2934, 3532, 3536, 3601, 3957, 5196, 7144, 7375, 7380, 7417, 8208, 8414, 8444, 8915, 9023, 9197, 9330, 9338, 9344, 10149, 10380, 11118, 11369, 11505, 11512, 11513, 11514, 11515, 11516, 11517, 11519, 11575, 11576, 11583, 11593, 11599, 11601, 11604, 11612, 11613, 11622, 11765, 11890, 11892, 11893, 11898, 12003, 12006, 12039, 12053, 12118, 12201, 12244",81.0,1.0,1418.739377468124,0.0
34,63,gold,2020-08-31,2023-12-31,32.24678329579503,102.98487604407295,"[2083, 2087, 2671, 3168, 4138, 5700, 6853, 6868, 8915, 10620, 10815]","2083, 2087, 2671, 3168, 4138, 5700, 6853, 6868, 8915, 10620, 10815",32.1,0.9954481259588402,102.51610186017588,0.46877418389707065
35,64,platinum,2014-05-31,2023-12-31,35.45012800578951,664.6950626794741,"[53, 79, 87, 441, 792, 915, 1099, 1104, 1213, 1463, 2258, 2292, 2307, 2325, 2346, 2385, 2402, 2892, 2931, 2934, 3532, 3536, 3601, 3957, 5196, 7144, 7375, 7380, 7417, 8208, 8414, 8444, 8915, 9197, 10149, 10380, 11118, 11369, 11505, 11512, 11513, 11514, 11515, 11516, 11517, 11519, 11575, 11576, 11583, 11593, 11599, 11601, 11604, 11612, 11613, 11622, 11765, 11890, 11892, 11893, 11898, 12003, 12006, 12039, 12053, 12118, 12201, 12244]","53, 79, 87, 441, 792, 915, 1099, 1104, 1213, 1463, 2258, 2292, 2307, 2325, 2346, 2385, 2402, 2892, 2931, 2934, 3532, 3536, 3601, 3957, 5196, 7144, 7375, 7380, 7417, 8208, 8414, 8444, 8915, 9197, 10149, 10380, 11118, 11369, 11505, 11512, 11513, 11514, 11515, 11516, 11517, 11519, 11575, 11576, 11583, 11593, 11599, 11601, 11604, 11612, 11613, 11622, 11765, 11890, 11892, 11893, 11898, 12003, 12006, 12039, 12053, 12118, 12201, 12244",29.8,0.8406175570122973,558.7543397477554,105.94072293171872
36,66,platinum,2014-02-28,2023-12-31,47.767797218630704,1106.4332807554524,"[53, 69, 72, 74, 79, 80, 87, 414, 415, 426, 441, 792, 807, 915, 1099, 1213, 1463, 2258, 2292, 2307, 2325, 2346, 2385, 2402, 2525, 2715, 2892, 2931, 2934, 3532, 3536, 3601, 3957, 3990, 3991, 5196, 5711, 7144, 7375, 7380, 7417, 8208, 8293, 8414, 8444, 8915, 9023, 9197, 9330, 9338, 9344, 10149, 10380, 10756, 11118, 11369, 11505, 11512, 11513, 11514, 11515, 11516, 11517, 11519, 11545, 11549, 11564, 11570, 11573, 11574, 11575, 11576, 11583, 11593, 11599, 11601, 11604, 11612, 11613, 11622, 11765, 11890, 11892, 11893, 11898, 11905, 11906, 11907, 12003, 12006, 12039, 12053, 12118, 12201, 12244]","53, 69, 72, 74, 79, 80, 87, 414, 415, 426, 441, 792, 807, 915, 1099, 1213, 1463, 2258, 2292, 2307, 2325, 2346, 2385, 2402, 2525, 2715, 2892, 2931, 2934, 3532, 3536, 3601, 3957, 3990, 3991, 5196, 5711, 7144, 7375, 7380, 7417, 8208, 8293, 8414, 8444, 8915, 9023, 9197, 9330, 9338, 9344, 10149, 10380, 10756, 11118, 11369, 11505, 11512, 11513, 11514, 11515, 11516, 11517, 11519, 11545, 11549, 11564, 11570, 11573, 11574, 11575, 11576, 11583, 11593, 11599, 11601, 11604, 11612, 11613, 11622, 11765, 11890, 11892, 11893, 11898, 11905, 11906, 11907, 12003, 12006, 12039, 12053, 12118, 12201, 12244",43.8,0.9169357297245609,1014.5282076810407,91.90507307441165
37,69,platinum,2014-05-31,2023-12-31,71.79093612611545,1424.2495103648198,"[21, 53, 69, 79, 87, 414, 415, 426, 441, 792, 807, 915, 1099, 1104, 1213, 1463, 2258, 2292, 2307, 2325, 2346, 2385, 2402, 2715, 2892, 2931, 2934, 3532, 3536, 3601, 3957, 3990, 3991, 5196, 6853, 6868, 7144, 7375, 7380, 7417, 8208, 8293, 8414, 8444, 8915, 9023, 9197, 9330, 9338, 9344, 10149, 10380, 11118, 11369, 11505, 11512, 11513, 11514, 11515, 11516, 11517, 11519, 11545, 11574, 11575, 11576, 11583, 11593, 11599, 11601, 11604, 11612, 11613, 11622, 11765, 11890, 11892, 11893, 11898, 11905, 11906, 12003, 12006, 12039, 12053, 12118, 12201, 12244]","21, 53, 69, 79, 87, 414, 415, 426, 441, 792, 807, 915, 1099, 1104, 1213, 1463, 2258, 2292, 2307, 2325, 2346, 2385, 2402, 2715, 2892, 2931, 2934, 3532, 3536, 3601, 3957, 3990, 3991, 5196, 6853, 6868, 7144, 7375, 7380, 7417, 8208, 8293, 8414, 8444, 8915, 9023, 9197, 9330, 9338, 9344, 10149, 10380, 11118, 11369, 11505, 11512, 11513, 11514, 11515, 11516, 11517, 11519, 11545, 11574, 11575, 11576, 11583, 11593, 11599, 11601, 11604, 11612, 11613, 11622, 11765, 11890, 11892, 11893, 11898, 11905, 11906, 12003, 12006, 12039, 12053, 12118, 12201, 12244",72.8,1.0,1424.2495103648198,0.0
38,70,gold,2022-12-31,2023-11-30,45.96633407474956,25.033527026170262,"[2210, 10758]","2210, 10758",44.9,0.9768018464771302,24.452795422998253,0.5807316031720081
39,71,gold,2022-12-31,2023-11-30,29.49908049182489,15.444753844575779,"[2210, 10758]","2210, 10758",12.5,0.42374202150009854,6.544591215671959,8.90016262890382
40,72,gold,2023-09-30,2023-11-30,50.615528897764115,25.307764415986597,[10758],10758,30.4,0.60060619066934,15.199999980242783,10.107764435743814
41,73,platinum,2014-05-31,2023-12-31,71.3668696807971,63.11780553581979,"[53, 79, 87, 792, 1099, 1104, 1213, 1463, 2258, 2292, 2307, 2325, 2346, 2402, 2892, 2931, 2934, 3532, 3536, 3601, 3957, 5196, 6853, 6868, 7144, 7375, 7380, 7417, 8208, 8414, 8444, 8915, 9197, 10149, 10380, 11118, 11369, 11505, 11512, 11513, 11514, 11515, 11516, 11517, 11575, 11576, 11583, 11593, 11599, 11601, 11604, 11612, 11613, 11622, 11765, 11890, 11892, 11893, 11898, 12003, 12006, 12039, 12053, 12118, 12201, 12244]","53, 79, 87, 792, 1099, 1104, 1213, 1463, 2258, 2292, 2307, 2325, 2346, 2402, 2892, 2931, 2934, 3532, 3536, 3601, 3957, 5196, 6853, 6868, 7144, 7375, 7380, 7417, 8208, 8414, 8444, 8915, 9197, 10149, 10380, 11118, 11369, 11505, 11512, 11513, 11514, 11515, 11516, 11517, 11575, 11576, 11583, 11593, 11599, 11601, 11604, 11612, 11613, 11622, 11765, 11890, 11892, 11893, 11898, 12003, 12006, 12039, 12053, 12118, 12201, 12244",82.0,1.0,63.11780553581979,0.0
42,73,gold,2014-05-31,2023-12-31,71.3668696807971,1252.1704432938723,"[53, 79, 87, 792, 1099, 1104, 1213, 1463, 2258, 2292, 2307, 2325, 2346, 2385, 2402, 2892, 2931, 2934, 3532, 3536, 3601, 3957, 5196, 6853, 6868, 7144, 7375, 7380, 7417, 8208, 8414, 8444, 8915, 9197, 10149, 10380, 11118, 11369, 11505, 11512, 11513, 11514, 11515, 11516, 11517, 11575, 11576, 11583, 11593, 11599, 11601, 11604, 11612, 11613, 11622, 11765, 11890, 11892, 11893, 11898, 12003, 12006, 12039, 12053, 12118, 12201, 12244]","53, 79, 87, 792, 1099, 1104, 1213, 1463, 2258, 2292, 2307, 2325, 2346, 2385, 2402, 2892, 2931, 2934, 3532, 3536, 3601, 3957, 5196, 6853, 6868, 7144, 7375, 7380, 7417, 8208, 8414, 8444, 8915, 9197, 10149, 10380, 11118, 11369, 11505, 11512, 11513, 11514, 11515, 11516, 11517, 11575, 11576, 11583, 11593, 11599, 11601, 11604, 11612, 11613, 11622, 11765, 11890, 11892, 11893, 11898, 12003, 12006, 12039, 12053, 12118, 12201, 12244",82.0,1.0,1252.1704432938723,0.0
43,74,platinum,2014-05-31,2023-12-31,45.25975687431879,871.2551157345962,"[53, 79, 87, 441, 792, 1099, 1104, 1213, 1463, 2258, 2292, 2307, 2325, 2346, 2385, 2402, 2892, 2931, 2934, 3532, 3536, 3601, 3957, 5196, 6853, 6868, 7144, 7205, 7375, 7380, 7417, 8208, 8414, 8444, 8915, 9197, 10149, 10380, 11118, 11369, 11505, 11512, 11513, 11514, 11515, 11516, 11517, 11519, 11575, 11576, 11583, 11593, 11599, 11601, 11604, 11612, 11613, 11622, 11765, 11890, 11892, 11893, 11898, 12003, 12006, 12039, 12053, 12118, 12201, 12244]","53, 79, 87, 441, 792, 1099, 1104, 1213, 1463, 2258, 2292, 2307, 2325, 2346, 2385, 2402, 2892, 2931, 2934, 3532, 3536, 3601, 3957, 5196, 6853, 6868, 7144, 7205, 7375, 7380, 7417, 8208, 8414, 8444, 8915, 9197, 10149, 10380, 11118, 11369, 11505, 11512, 11513, 11514, 11515, 11516, 11517, 11519, 11575, 11576, 11583, 11593, 11599, 11601, 11604, 11612, 11613, 11622, 11765, 11890, 11892, 11893, 11898, 12003, 12006, 12039, 12053, 12118, 12201, 12244",45.2,0.9986796907794993,870.1047895718833,1.1503261627128338
44,75,platinum,2014-05-31,2023-12-31,90.8025120742543,1760.2823853206412,"[53, 79, 87, 441, 792, 807, 915, 1099, 1104, 1213, 1463, 2258, 2292, 2307, 2325, 2346, 2385, 2402, 2574, 2715, 2892, 2931, 2934, 3532, 3536, 3601, 3957, 5196, 5729, 7144, 7375, 7380, 7417, 8208, 8414, 8444, 8915, 9197, 10149, 10380, 11118, 11369, 11505, 11512, 11513, 11514, 11515, 11516, 11517, 11519, 11575, 11576, 11583, 11593, 11599, 11601, 11604, 11612, 11613, 11622, 11765, 11890, 11892, 11893, 11898, 12003, 12006, 12039, 12053, 12118, 12201, 12244]","53, 79, 87, 441, 792, 807, 915, 1099, 1104, 1213, 1463, 2258, 2292, 2307, 2325, 2346, 2385, 2402, 2574, 2715, 2892, 2931, 2934, 3532, 3536, 3601, 3957, 5196, 5729, 7144, 7375, 7380, 7417, 8208, 8414, 8444, 8915, 9197, 10149, 10380, 11118, 11369, 11505, 11512, 11513, 11514, 11515, 11516, 11517, 11519, 11575, 11576, 11583, 11593, 11599, 11601, 11604, 11612, 11613, 11622, 11765, 11890, 11892, 11893, 11898, 12003, 12006, 12039, 12053, 12118, 12201, 12244",88.8,0.9779465123980631,1721.4620195600644,38.82036576057672
45,77,gold,2022-12-31,2023-12-31,46.074988971204704,139.76079964973619,"[2083, 2671, 3168, 4138, 6853, 6868, 10620, 10815]","2083, 2671, 3168, 4138, 6853, 6868, 10620, 10815",40.0,0.8681499636385944,121.33333313401936,18.427466515716837
46,78,gold,2023-01-31,2023-08-31,48.19936117718421,48.22204806240486,"[2653, 5783, 6785]","2653, 5783, 6785",39.0,0.8091393547029241,39.01835685166766,9.203691210737201
47,81,gold,2020-08-31,2023-12-31,10.136852877925945,47.86746965530131,"[2083, 2671, 3161, 3168, 4138, 6853, 6868, 8414, 8915, 9197, 10620, 10758, 10815]","2083, 2671, 3161, 3168, 4138, 6853, 6868, 8414, 8915, 9197, 10620, 10758, 10815",15.1,1.0,47.86746965530131,0.0
48,82,gold,2020-08-31,2023-12-31,49.126782492121045,242.86740243828547,"[2083, 2671, 3161, 3168, 4138, 6853, 6868, 8414, 8915, 9197, 10620, 10758, 10815]","2083, 2671, 3161, 3168, 4138, 6853, 6868, 8414, 8915, 9197, 10620, 10758, 10815",56.0,1.0,242.86740243828547,0.0
49,87,gold,2020-08-31,2023-12-31,19.679075635554586,94.94629347085414,"[2671, 3161, 3168, 4138, 6853, 6868, 8414, 8915, 9197, 10620, 10758, 10815]","2671, 3161, 3168, 4138, 6853, 6868, 8414, 8915, 9197, 10620, 10758, 10815",13.1,0.6656816733979092,63.20400752060716,31.74228595024698
50,88,gold,2023-01-31,2023-12-31,49.76415406625986,73.19336792950557,"[2671, 3168, 4138, 5547, 10620, 10758, 10815]","2671, 3168, 4138, 5547, 10620, 10758, 10815",50.0,1.0,73.19336792950557,0.0
51,89,gold,2020-08-31,2023-12-31,13.523310367761464,62.43261610234364,"[2671, 3161, 3168, 4138, 6853, 6868, 8915, 9197, 10620, 10758, 10815]","2671, 3161, 3168, 4138, 6853, 6868, 8915, 9197, 10620, 10758, 10815",8.0,0.591571130325559,36.93333327684512,25.49928282549852
52,91,gold,2020-08-31,2023-12-31,22.956133672591363,105.98081696009565,"[2671, 3161, 3168, 4138, 6853, 6868, 8915, 9197, 10620, 10758, 10815]","2671, 3161, 3168, 4138, 6853, 6868, 8915, 9197, 10620, 10758, 10815",15.9,0.692625344788958,73.4049998880017,32.575817072093955
53,92,platinum,2014-03-31,2023-12-31,41.792814409828836,938.9452290682259,"[53, 74, 79, 87, 792, 807, 1213, 1463, 2258, 2292, 2307, 2325, 2346, 2402, 2563, 2715, 2892, 2931, 2934, 3532, 3536, 3601, 3957, 5196, 7375, 7380, 7417, 8208, 8414, 8444, 8915, 9023, 9197, 9330, 9338, 9344, 10149, 10380, 10756, 11118, 11369, 11505, 11512, 11513, 11514, 11515, 11516, 11517, 11519, 11545, 11549, 11571, 11574, 11575, 11576, 11583, 11593, 11599, 11601, 11604, 11612, 11613, 11622, 11765, 11890, 11892, 11893, 11898, 12003, 12006, 12039, 12053, 12118, 12201, 12244]","53, 74, 79, 87, 792, 807, 1213, 1463, 2258, 2292, 2307, 2325, 2346, 2402, 2563, 2715, 2892, 2931, 2934, 3532, 3536, 3601, 3957, 5196, 7375, 7380, 7417, 8208, 8414, 8444, 8915, 9023, 9197, 9330, 9338, 9344, 10149, 10380, 10756, 11118, 11369, 11505, 11512, 11513, 11514, 11515, 11516, 11517, 11519, 11545, 11549, 11571, 11574, 11575, 11576, 11583, 11593, 11599, 11601, 11604, 11612, 11613, 11622, 11765, 11890, 11892, 11893, 11898, 12003, 12006, 12039, 12053, 12118, 12201, 12244",30.6,0.7321832815548189,687.4799990194148,251.4652300488111
54,93,platinum,2023-08-31,2023-12-31,43.5324032003029,65.66137469860394,"[9400, 9486, 11269]","9400, 9486, 11269",43.8645,1.0,65.66137469860394,0.0
55,94,platinum,2023-08-31,2023-12-31,38.61787927569239,58.24863445987771,"[9400, 9486, 11269]","9400, 9486, 11269",39.3,1.0,58.24863445987771,0.0
56,95,platinum,2014-05-31,2023-12-31,29.98383225415174,491.53562806646164,"[53, 79, 87, 792, 1213, 2307, 2892, 2931, 2934, 3532, 3536, 3601, 3957, 5196, 5700, 6853, 6868, 7144, 7205, 7375, 7380, 7417, 8208, 8414, 8444, 8915, 9197, 10149, 10380, 10519, 10620, 10747, 10815, 11118, 11369, 11505, 11512, 11513, 11514, 11515, 11516, 11517, 11593, 11601, 11604, 11613, 11622, 11893, 11898, 12003, 12006, 12039, 12053, 12118, 12244]","53, 79, 87, 792, 1213, 2307, 2892, 2931, 2934, 3532, 3536, 3601, 3957, 5196, 5700, 6853, 6868, 7144, 7205, 7375, 7380, 7417, 8208, 8414, 8444, 8915, 9197, 10149, 10380, 10519, 10620, 10747, 10815, 11118, 11369, 11505, 11512, 11513, 11514, 11515, 11516, 11517, 11593, 11601, 11604, 11613, 11622, 11893, 11898, 12003, 12006, 12039, 12053, 12118, 12244",28.5,0.9505122546853136,467.2106380916142,24.324989974847455
57,96,platinum,2023-08-31,2023-12-31,41.61995927488185,62.77677178395743,"[9400, 9486, 11269]","9400, 9486, 11269",41.7,1.0,62.77677178395743,0.0
58,97,platinum,2014-05-31,2023-12-31,41.37249739433171,813.3950733341587,"[53, 79, 87, 441, 792, 807, 1213, 1463, 2258, 2292, 2307, 2325, 2346, 2385, 2402, 2715, 2892, 2931, 2934, 3532, 3536, 3601, 3957, 5196, 7375, 7380, 7417, 8208, 8414, 8444, 8915, 9023, 9197, 9330, 9338, 9344, 10149, 10380, 10756, 11118, 11369, 11505, 11512, 11513, 11514, 11515, 11516, 11517, 11519, 11575, 11576, 11583, 11593, 11599, 11601, 11604, 11612, 11613, 11622, 11765, 11890, 11892, 11893, 11898, 12003, 12006, 12039, 12053, 12118, 12201, 12244]","53, 79, 87, 441, 792, 807, 1213, 1463, 2258, 2292, 2307, 2325, 2346, 2385, 2402, 2715, 2892, 2931, 2934, 3532, 3536, 3601, 3957, 5196, 7375, 7380, 7417, 8208, 8414, 8444, 8915, 9023, 9197, 9330, 9338, 9344, 10149, 10380, 10756, 11118, 11369, 11505, 11512, 11513, 11514, 11515, 11516, 11517, 11519, 11575, 11576, 11583, 11593, 11599, 11601, 11604, 11612, 11613, 11622, 11765, 11890, 11892, 11893, 11898, 12003, 12006, 12039, 12053, 12118, 12201, 12244",40.0,0.9668258509693024,786.4113839505361,26.983689383622583
59,98,platinum,2014-05-31,2023-12-31,46.211745624775354,900.2653315371224,"[53, 79, 87, 441, 792, 807, 1213, 1463, 2258, 2292, 2307, 2325, 2346, 2385, 2402, 2715, 2892, 2931, 2934, 3532, 3536, 3601, 3957, 5196, 7375, 7380, 7417, 8208, 8414, 8444, 8915, 9023, 9197, 9330, 9338, 9344, 10149, 10380, 11118, 11369, 11505, 11512, 11513, 11514, 11515, 11516, 11517, 11519, 11575, 11576, 11583, 11593, 11599, 11601, 11604, 11612, 11613, 11622, 11765, 11890, 11892, 11893, 11898, 12003, 12006, 12039, 12053, 12118, 12201, 12244]","53, 79, 87, 441, 792, 807, 1213, 1463, 2258, 2292, 2307, 2325, 2346, 2385, 2402, 2715, 2892, 2931, 2934, 3532, 3536, 3601, 3957, 5196, 7375, 7380, 7417, 8208, 8414, 8444, 8915, 9023, 9197, 9330, 9338, 9344, 10149, 10380, 11118, 11369, 11505, 11512, 11513, 11514, 11515, 11516, 11517, 11519, 11575, 11576, 11583, 11593, 11599, 11601, 11604, 11612, 11613, 11622, 11765, 11890, 11892, 11893, 11898, 12003, 12006, 12039, 12053, 12118, 12201, 12244",45.0,0.9737784061520994,876.6589396582104,23.606391878911975
60,105,platinum,2014-05-31,2023-12-31,48.352403957715005,966.4072776018609,"[53, 79, 87, 441, 792, 807, 915, 1213, 1463, 2258, 2292, 2307, 2325, 2346, 2385, 2402, 2715, 2892, 2931, 2934, 3532, 3536, 3601, 3957, 5196, 7144, 7375, 7380, 7417, 8208, 8414, 8444, 8915, 9023, 9197, 9330, 9338, 9344, 10149, 10380, 10756, 11118, 11369, 11505, 11512, 11513, 11514, 11515, 11516, 11517, 11519, 11564, 11570, 11573, 11575, 11576, 11583, 11593, 11599, 11601, 11604, 11612, 11613, 11622, 11765, 11890, 11892, 11893, 11898, 11907, 12003, 12006, 12039, 12053, 12118, 12201, 12244]","53, 79, 87, 441, 792, 807, 915, 1213, 1463, 2258, 2292, 2307, 2325, 2346, 2385, 2402, 2715, 2892, 2931, 2934, 3532, 3536, 3601, 3957, 5196, 7144, 7375, 7380, 7417, 8208, 8414, 8444, 8915, 9023, 9197, 9330, 9338, 9344, 10149, 10380, 10756, 11118, 11369, 11505, 11512, 11513, 11514, 11515, 11516, 11517, 11519, 11564, 11570, 11573, 11575, 11576, 11583, 11593, 11599, 11601, 11604, 11612, 11613, 11622, 11765, 11890, 11892, 11893, 11898, 11907, 12003, 12006, 12039, 12053, 12118, 12201, 12244",44.5,0.9203265268654688,889.4102533328336,76.9970242690273
61,106,platinum,2014-05-31,2023-12-31,48.15247084903602,965.3189721754092,"[53, 79, 87, 441, 792, 807, 1213, 1463, 2258, 2292, 2307, 2325, 2346, 2385, 2402, 2715, 2892, 2931, 2934, 3532, 3536, 3601, 3957, 5196, 7375, 7380, 7417, 8208, 8414, 8444, 8915, 9023, 9197, 9330, 9338, 9344, 10149, 10380, 10756, 11118, 11369, 11505, 11512, 11513, 11514, 11515, 11516, 11517, 11519, 11564, 11570, 11573, 11575, 11576, 11583, 11593, 11599, 11601, 11604, 11612, 11613, 11622, 11765, 11890, 11892, 11893, 11898, 11907, 12003, 12006, 12039, 12053, 12118, 12201, 12244]","53, 79, 87, 441, 792, 807, 1213, 1463, 2258, 2292, 2307, 2325, 2346, 2385, 2402, 2715, 2892, 2931, 2934, 3532, 3536, 3601, 3957, 5196, 7375, 7380, 7417, 8208, 8414, 8444, 8915, 9023, 9197, 9330, 9338, 9344, 10149, 10380, 10756, 11118, 11369, 11505, 11512, 11513, 11514, 11515, 11516, 11517, 11519, 11564, 11570, 11573, 11575, 11576, 11583, 11593, 11599, 11601, 11604, 11612, 11613, 11622, 11765, 11890, 11892, 11893, 11898, 11907, 12003, 12006, 12039, 12053, 12118, 12201, 12244",45.0,0.9345314831523515,902.1209707821886,63.198001393220544
62,113,platinum,2014-03-31,2023-12-31,29.247240263531218,655.5344463346207,"[53, 74, 79, 87, 441, 792, 807, 1213, 1463, 2258, 2292, 2307, 2325, 2346, 2385, 2402, 2715, 2892, 2931, 2934, 3532, 3536, 3601, 3957, 5196, 7375, 7380, 7417, 8208, 8414, 8444, 8915, 9023, 9197, 9330, 9338, 9344, 10149, 10380, 10756, 11118, 11369, 11505, 11512, 11513, 11514, 11515, 11516, 11517, 11519, 11545, 11549, 11571, 11574, 11575, 11576, 11583, 11593, 11599, 11601, 11604, 11612, 11613, 11622, 11765, 11890, 11892, 11893, 11898, 12003, 12006, 12039, 12053, 12118, 12201, 12244]","53, 74, 79, 87, 441, 792, 807, 1213, 1463, 2258, 2292, 2307, 2325, 2346, 2385, 2402, 2715, 2892, 2931, 2934, 3532, 3536, 3601, 3957, 5196, 7375, 7380, 7417, 8208, 8414, 8444, 8915, 9023, 9197, 9330, 9338, 9344, 10149, 10380, 10756, 11118, 11369, 11505, 11512, 11513, 11514, 11515, 11516, 11517, 11519, 11545, 11549, 11571, 11574, 11575, 11576, 11583, 11593, 11599, 11601, 11604, 11612, 11613, 11622, 11765, 11890, 11892, 11893, 11898, 12003, 12006, 12039, 12053, 12118, 12201, 12244",28.0,0.9573552837022227,627.5793658472603,27.955080487360437
63,114,platinum,2014-05-31,2023-12-31,29.50859231510424,508.6221579694458,"[53, 79, 87, 792, 1213, 2307, 2892, 2931, 2934, 3532, 3536, 3601, 3957, 5196, 5700, 6853, 6868, 7144, 7205, 7375, 7380, 7417, 8208, 8414, 8444, 8915, 9197, 10149, 10380, 11118, 11369, 11505, 11512, 11513, 11514, 11515, 11516, 11517, 11519, 11575, 11593, 11601, 11604, 11613, 11622, 11893, 11898, 12003, 12006, 12039, 12053, 12118, 12244]","53, 79, 87, 792, 1213, 2307, 2892, 2931, 2934, 3532, 3536, 3601, 3957, 5196, 5700, 6853, 6868, 7144, 7205, 7375, 7380, 7417, 8208, 8414, 8444, 8915, 9197, 10149, 10380, 11118, 11369, 11505, 11512, 11513, 11514, 11515, 11516, 11517, 11519, 11575, 11593, 11601, 11604, 11613, 11622, 11893, 11898, 12003, 12006, 12039, 12053, 12118, 12244",29.3,0.9929311329772423,505.0267755699318,3.5953823995140546
64,115,platinum,2022-12-31,2023-12-31,59.1169921271494,182.63549689518698,"[3231, 3516, 3522, 3648, 4138, 5700, 6853, 6868, 10620, 10815, 11269]","3231, 3516, 3522, 3648, 4138, 5700, 6853, 6868, 10620, 10815, 11269",52.8,0.8931442230084583,163.11983896821548,19.515657926971507
65,116,gold,2020-08-31,2023-12-31,69.2618365812294,359.6993077109146,"[2083, 2671, 3161, 3168, 4138, 6853, 6868, 8414, 8915, 9197, 10620, 10747, 10758, 10815]","2083, 2671, 3161, 3168, 4138, 6853, 6868, 8414, 8915, 9197, 10620, 10747, 10758, 10815",85.0,1.0,359.6993077109146,0.0
66,117,platinum,2014-05-31,2023-12-31,44.60400629715874,872.7517218396216,"[53, 79, 87, 441, 792, 1099, 1104, 1213, 1463, 2258, 2292, 2307, 2325, 2346, 2385, 2402, 2892, 2931, 2934, 3532, 3536, 3601, 3957, 5196, 6853, 6868, 7144, 7205, 7375, 7380, 7417, 8208, 8414, 8444, 8915, 9023, 9197, 9330, 9338, 9344, 10149, 10380, 11118, 11369, 11505, 11512, 11513, 11514, 11515, 11516, 11517, 11519, 11575, 11576, 11583, 11593, 11599, 11601, 11604, 11612, 11613, 11622, 11765, 11890, 11892, 11893, 11898, 12003, 12006, 12039, 12053, 12118, 12201, 12244]","53, 79, 87, 441, 792, 1099, 1104, 1213, 1463, 2258, 2292, 2307, 2325, 2346, 2385, 2402, 2892, 2931, 2934, 3532, 3536, 3601, 3957, 5196, 6853, 6868, 7144, 7205, 7375, 7380, 7417, 8208, 8414, 8444, 8915, 9023, 9197, 9330, 9338, 9344, 10149, 10380, 11118, 11369, 11505, 11512, 11513, 11514, 11515, 11516, 11517, 11519, 11575, 11576, 11583, 11593, 11599, 11601, 11604, 11612, 11613, 11622, 11765, 11890, 11892, 11893, 11898, 12003, 12006, 12039, 12053, 12118, 12201, 12244",0.0,0.0,0.0,872.7517218396216
67,118,platinum,2014-05-31,2023-12-31,28.795607862423594,550.8860108266682,"[53, 79, 87, 792, 1099, 1104, 1213, 1463, 2258, 2292, 2307, 2325, 2346, 2402, 2892, 2931, 2934, 3532, 3536, 3601, 3957, 5196, 5700, 6853, 6868, 7144, 7205, 7375, 7380, 7417, 8208, 8414, 8444, 8915, 9197, 10149, 10380, 11118, 11369, 11505, 11512, 11513, 11514, 11515, 11516, 11517, 11519, 11575, 11576, 11583, 11593, 11599, 11601, 11604, 11612, 11613, 11622, 11765, 11890, 11892, 11893, 11898, 12003, 12006, 12039, 12053, 12118, 12201, 12244]","53, 79, 87, 792, 1099, 1104, 1213, 1463, 2258, 2292, 2307, 2325, 2346, 2402, 2892, 2931, 2934, 3532, 3536, 3601, 3957, 5196, 5700, 6853, 6868, 7144, 7205, 7375, 7380, 7417, 8208, 8414, 8444, 8915, 9197, 10149, 10380, 11118, 11369, 11505, 11512, 11513, 11514, 11515, 11516, 11517, 11519, 11575, 11576, 11583, 11593, 11599, 11601, 11604, 11612, 11613, 11622, 11765, 11890, 11892, 11893, 11898, 12003, 12006, 12039, 12053, 12118, 12201, 12244",28.6,0.9932070243712809,547.1438555809204,3.742155245747819
68,119,platinum,2014-05-31,2023-12-31,44.89731277734905,545.7346685998447,"[53, 79, 87, 441, 792, 1099, 1104, 1213, 1463, 2258, 2292, 2307, 2325, 2346, 2385, 2402, 2892, 2931, 2934, 3532, 3536, 3601, 3957, 5196, 6853, 6868, 7144, 7205, 7375, 7380, 7417, 8208, 8414, 8444, 8915, 9023, 9197, 9330, 9338, 9344, 10149, 10380, 11118, 11369, 11505, 11512, 11513, 11514, 11515, 11516, 11517, 11519, 11545, 11574, 11575, 11576, 11583, 11593, 11599, 11601, 11604, 11612, 11613, 11622, 11765, 11890, 11892, 11893, 11898, 12003, 12006, 12039, 12053, 12118, 12201, 12244]","53, 79, 87, 441, 792, 1099, 1104, 1213, 1463, 2258, 2292, 2307, 2325, 2346, 2385, 2402, 2892, 2931, 2934, 3532, 3536, 3601, 3957, 5196, 6853, 6868, 7144, 7205, 7375, 7380, 7417, 8208, 8414, 8444, 8915, 9023, 9197, 9330, 9338, 9344, 10149, 10380, 11118, 11369, 11505, 11512, 11513, 11514, 11515, 11516, 11517, 11519, 11545, 11574, 11575, 11576, 11583, 11593, 11599, 11601, 11604, 11612, 11613, 11622, 11765, 11890, 11892, 11893, 11898, 12003, 12006, 12039, 12053, 12118, 12201, 12244",0.0,0.0,0.0,545.7346685998447
69,119,gold,2014-05-31,2023-12-31,44.89731277734905,332.75609055466856,"[53, 79, 87, 441, 792, 1099, 1104, 1213, 1463, 2258, 2292, 2307, 2325, 2346, 2385, 2402, 2892, 2931, 2934, 3532, 3536, 3601, 3957, 5196, 6853, 6868, 7144, 7205, 7375, 7380, 7417, 8208, 8414, 8444, 8915, 9023, 9197, 9330, 9338, 9344, 10149, 10380, 11118, 11369, 11505, 11512, 11513, 11514, 11515, 11516, 11517, 11519, 11545, 11574, 11575, 11576, 11583, 11593, 11599, 11601, 11604, 11612, 11613, 11622, 11765, 11890, 11892, 11893, 11898, 12003, 12006, 12039, 12053, 12118, 12201, 12244]","53, 79, 87, 441, 792, 1099, 1104, 1213, 1463, 2258, 2292, 2307, 2325, 2346, 2385, 2402, 2892, 2931, 2934, 3532, 3536, 3601, 3957, 5196, 6853, 6868, 7144, 7205, 7375, 7380, 7417, 8208, 8414, 8444, 8915, 9023, 9197, 9330, 9338, 9344, 10149, 10380, 11118, 11369, 11505, 11512, 11513, 11514, 11515, 11516, 11517, 11519, 11545, 11574, 11575, 11576, 11583, 11593, 11599, 11601, 11604, 11612, 11613, 11622, 11765, 11890, 11892, 11893, 11898, 12003, 12006, 12039, 12053, 12118, 12201, 12244",0.0,0.0,0.0,332.75609055466856
70,121,platinum,2014-05-31,2023-12-31,16.776186481462055,328.2540483077002,"[53, 79, 87, 441, 792, 1099, 1104, 1213, 1463, 2258, 2292, 2307, 2325, 2346, 2385, 2402, 2892, 2931, 2934, 3532, 3536, 3601, 3957, 5196, 6853, 6868, 7144, 7205, 7375, 7380, 7417, 8208, 8414, 8444, 8915, 9023, 9197, 9330, 9338, 9344, 10149, 10380, 11118, 11369, 11505, 11512, 11513, 11514, 11515, 11516, 11517, 11519, 11575, 11576, 11583, 11593, 11599, 11601, 11604, 11612, 11613, 11622, 11765, 11890, 11892, 11893, 11898, 12003, 12006, 12039, 12053, 12118, 12201, 12244]","53, 79, 87, 441, 792, 1099, 1104, 1213, 1463, 2258, 2292, 2307, 2325, 2346, 2385, 2402, 2892, 2931, 2934, 3532, 3536, 3601, 3957, 5196, 6853, 6868, 7144, 7205, 7375, 7380, 7417, 8208, 8414, 8444, 8915, 9023, 9197, 9330, 9338, 9344, 10149, 10380, 11118, 11369, 11505, 11512, 11513, 11514, 11515, 11516, 11517, 11519, 11575, 11576, 11583, 11593, 11599, 11601, 11604, 11612, 11613, 11622, 11765, 11890, 11892, 11893, 11898, 12003, 12006, 12039, 12053, 12118, 12201, 12244",0.0,0.0,0.0,328.2540483077002
71,122,gold,2014-05-31,2023-12-31,46.425426121263264,802.6054442788267,"[53, 79, 87, 792, 1099, 1104, 1213, 1463, 2258, 2292, 2307, 2325, 2346, 2402, 2892, 2931, 2934, 3532, 3536, 3601, 3957, 5196, 6853, 6868, 7144, 7375, 7380, 7417, 8208, 8414, 8444, 8915, 9197, 10149, 10380, 11118, 11369, 11505, 11512, 11513, 11514, 11515, 11516, 11517, 11575, 11576, 11583, 11593, 11599, 11601, 11604, 11612, 11613, 11622, 11765, 11890, 11892, 11893, 11898, 12003, 12006, 12039, 12053, 12118, 12244]","53, 79, 87, 792, 1099, 1104, 1213, 1463, 2258, 2292, 2307, 2325, 2346, 2402, 2892, 2931, 2934, 3532, 3536, 3601, 3957, 5196, 6853, 6868, 7144, 7375, 7380, 7417, 8208, 8414, 8444, 8915, 9197, 10149, 10380, 11118, 11369, 11505, 11512, 11513, 11514, 11515, 11516, 11517, 11575, 11576, 11583, 11593, 11599, 11601, 11604, 11612, 11613, 11622, 11765, 11890, 11892, 11893, 11898, 12003, 12006, 12039, 12053, 12118, 12244",62.3,1.0,802.6054442788267,0.0
72,123,platinum,2014-02-28,2023-12-31,32.66482136633723,738.3099176782605,"[53, 72, 74, 79, 87, 441, 792, 807, 1213, 1463, 2258, 2292, 2307, 2325, 2346, 2385, 2402, 2563, 2715, 2892, 2931, 2934, 3532, 3536, 3601, 3957, 5196, 7375, 7380, 7417, 8208, 8414, 8444, 8915, 9023, 9197, 9330, 9338, 9344, 10149, 10380, 10756, 11118, 11369, 11505, 11512, 11513, 11514, 11515, 11516, 11517, 11519, 11545, 11549, 11571, 11574, 11575, 11576, 11583, 11593, 11599, 11601, 11604, 11612, 11613, 11622, 11765, 11890, 11892, 11893, 11898, 12003, 12006, 12039, 12053, 12118, 12201, 12244]","53, 72, 74, 79, 87, 441, 792, 807, 1213, 1463, 2258, 2292, 2307, 2325, 2346, 2385, 2402, 2563, 2715, 2892, 2931, 2934, 3532, 3536, 3601, 3957, 5196, 7375, 7380, 7417, 8208, 8414, 8444, 8915, 9023, 9197, 9330, 9338, 9344, 10149, 10380, 10756, 11118, 11369, 11505, 11512, 11513, 11514, 11515, 11516, 11517, 11519, 11545, 11549, 11571, 11574, 11575, 11576, 11583, 11593, 11599, 11601, 11604, 11612, 11613, 11622, 11765, 11890, 11892, 11893, 11898, 12003, 12006, 12039, 12053, 12118, 12201, 12244",32.4,0.9918927655116417,732.3242660505623,5.985651627698142
73,124,gold,2023-08-31,2023-12-31,31.94884531047508,46.32582561151616,"[9486, 11269]","9486, 11269",29.0,0.9077010363968228,42.04999991951169,4.275825692004466
74,125,platinum,2023-03-31,2023-12-31,75.96675904929353,183.02630344875877,"[3516, 3522, 3648, 5737, 6433, 6778, 6853, 6868, 10815, 11269]","3516, 3522, 3648, 5737, 6433, 6778, 6853, 6868, 10815, 11269",0.0,0.0,0.0,183.02630344875877
75,127,gold,2023-03-31,2023-05-31,51.25384397979501,0.10497915912890926,[3491],3491,0.0,0.0,0.0,0.10497915912890926
76,128,gold,2014-05-31,2023-12-31,69.11770299659972,1188.359966127815,"[53, 79, 87, 792, 1099, 1104, 1213, 1463, 2258, 2292, 2307, 2325, 2346, 2402, 2892, 2931, 2934, 3532, 3536, 3601, 3957, 5196, 6853, 6868, 7144, 7375, 7380, 7417, 8208, 8414, 8444, 8915, 9197, 10149, 10380, 11118, 11369, 11505, 11512, 11513, 11514, 11515, 11516, 11517, 11575, 11576, 11583, 11593, 11599, 11601, 11604, 11612, 11613, 11622, 11765, 11890, 11892, 11893, 11898, 12003, 12006, 12039, 12053, 12118, 12244]","53, 79, 87, 792, 1099, 1104, 1213, 1463, 2258, 2292, 2307, 2325, 2346, 2402, 2892, 2931, 2934, 3532, 3536, 3601, 3957, 5196, 6853, 6868, 7144, 7375, 7380, 7417, 8208, 8414, 8444, 8915, 9197, 10149, 10380, 11118, 11369, 11505, 11512, 11513, 11514, 11515, 11516, 11517, 11575, 11576, 11583, 11593, 11599, 11601, 11604, 11612, 11613, 11622, 11765, 11890, 11892, 11893, 11898, 12003, 12006, 12039, 12053, 12118, 12244",0.0,0.0,0.0,1188.359966127815
77,129,platinum,2020-08-31,2023-12-31,23.108303288899297,99.96422950103032,"[3516, 3522, 4138, 5700, 6853, 6868, 7205, 8414, 8915, 10620, 10747, 10815]","3516, 3522, 4138, 5700, 6853, 6868, 7205, 8414, 8915, 10620, 10747, 10815",22.4,0.9693485376211264,96.9001796812464,3.0640498197839188
78,130,platinum,2016-05-31,2023-12-31,25.89201862702556,303.72681979426915,"[53, 79, 792, 1213, 2307, 2931, 2934, 3532, 3536, 3601, 3613, 5196, 5700, 6853, 6868, 7205, 7375, 7380, 7417, 8208, 8414, 8444, 8915, 9197, 10149, 10380, 10620, 10747, 10815, 11593, 11604, 11622, 12003, 12006, 12053]","53, 79, 792, 1213, 2307, 2931, 2934, 3532, 3536, 3601, 3613, 5196, 5700, 6853, 6868, 7205, 7375, 7380, 7417, 8208, 8414, 8444, 8915, 9197, 10149, 10380, 10620, 10747, 10815, 11593, 11604, 11622, 12003, 12006, 12053",26.0,1.0,303.72681979426915,0.0
79,131,gold,2023-03-31,2023-12-31,22.759168592183787,74.54704936454718,"[3516, 3522, 3648, 3715, 5737, 6433, 6778, 6853, 6868, 9486, 10815, 11269]","3516, 3522, 3648, 3715, 5737, 6433, 6778, 6853, 6868, 9486, 10815, 11269",16.6,0.7293763800185988,54.37285700658121,20.174192357965968
80,132,platinum,2023-03-31,2023-12-31,16.39597067620718,32.23372366047082,"[3648, 3715, 9486, 11269]","3648, 3715, 9486, 11269",0.0,0.0,0.0,32.23372366047082
81,135,platinum,2016-05-31,2023-12-31,46.54200508957904,586.4996732605649,"[53, 79, 792, 1213, 2307, 2931, 2934, 3532, 3536, 3601, 3613, 5196, 5700, 6853, 6868, 7205, 7375, 7380, 7417, 8208, 8414, 8444, 8915, 9197, 10149, 10380, 10620, 10747, 10815, 11593, 11604, 11622, 11893, 11898, 12003, 12006, 12053]","53, 79, 792, 1213, 2307, 2931, 2934, 3532, 3536, 3601, 3613, 5196, 5700, 6853, 6868, 7205, 7375, 7380, 7417, 8208, 8414, 8444, 8915, 9197, 10149, 10380, 10620, 10747, 10815, 11593, 11604, 11622, 11893, 11898, 12003, 12006, 12053",44.7,0.9604227388563569,563.2876225312701,23.212050729294745
82,138,platinum,2014-05-31,2023-12-31,16.104949933175362,271.7992053287343,"[53, 79, 87, 792, 1213, 2307, 2892, 2931, 2934, 3532, 3536, 3601, 3957, 5196, 5700, 6853, 6868, 7144, 7205, 7375, 7380, 7417, 8208, 8414, 8444, 8915, 9197, 10149, 10380, 11118, 11369, 11505, 11512, 11513, 11514, 11515, 11516, 11517, 11593, 11601, 11604, 11613, 11622, 11893, 11898, 12003, 12006, 12039, 12053, 12118, 12244]","53, 79, 87, 792, 1213, 2307, 2892, 2931, 2934, 3532, 3536, 3601, 3957, 5196, 5700, 6853, 6868, 7144, 7205, 7375, 7380, 7417, 8208, 8414, 8444, 8915, 9197, 10149, 10380, 11118, 11369, 11505, 11512, 11513, 11514, 11515, 11516, 11517, 11593, 11601, 11604, 11613, 11622, 11893, 11898, 12003, 12006, 12039, 12053, 12118, 12244",12.7,0.78857742822526,214.33471833180266,57.46448699693162
83,139,gold,2023-03-31,2023-12-31,32.39683091691507,106.46615094978422,"[3516, 3522, 3648, 3715, 5737, 6433, 6778, 6853, 6868, 9486, 10815, 11269]","3516, 3522, 3648, 3715, 5737, 6433, 6778, 6853, 6868, 9486, 10815, 11269",43.0,1.0,106.46615094978422,0.0
84,140,platinum,2014-05-31,2023-12-31,40.88759402965579,695.167156926203,"[53, 79, 87, 792, 1104, 1213, 2307, 2892, 2931, 2934, 3532, 3536, 3601, 3957, 5196, 5700, 6853, 6868, 7144, 7205, 7375, 7380, 7417, 8208, 8414, 8444, 8915, 9197, 10149, 10380, 11118, 11369, 11505, 11512, 11513, 11514, 11515, 11516, 11517, 11519, 11575, 11593, 11601, 11604, 11613, 11622, 11893, 11898, 12003, 12006, 12039, 12053, 12118, 12244]","53, 79, 87, 792, 1104, 1213, 2307, 2892, 2931, 2934, 3532, 3536, 3601, 3957, 5196, 5700, 6853, 6868, 7144, 7205, 7375, 7380, 7417, 8208, 8414, 8444, 8915, 9197, 10149, 10380, 11118, 11369, 11505, 11512, 11513, 11514, 11515, 11516, 11517, 11519, 11575, 11593, 11601, 11604, 11613, 11622, 11893, 11898, 12003, 12006, 12039, 12053, 12118, 12244",31.2,0.7630676428984945,530.4595638561256,164.70759307007745
85,141,gold,2022-12-31,2023-12-31,42.14540319979862,105.22681145500931,"[2083, 3748, 3750, 4138, 5514, 6853, 6868, 10500, 10501, 10620, 10815]","2083, 3748, 3750, 4138, 5514, 6853, 6868, 10500, 10501, 10620, 10815",41.5,0.9846862729788357,103.61539678907978,1.6114146659295363
86,142,gold,2023-03-31,2023-12-31,14.462332780653448,41.626298715931824,"[3516, 3522, 3648, 6778, 6853, 6868, 9486, 10815, 11269]","3516, 3522, 3648, 6778, 6853, 6868, 9486, 10815, 11269",12.0,0.8297416593851747,34.53907417062024,7.087224545311583
87,144,platinum,2014-02-28,2023-12-31,57.80948159276131,1244.5678408842443,"[53, 69, 72, 74, 79, 80, 87, 414, 415, 426, 441, 792, 807, 915, 1099, 1104, 1213, 1463, 2258, 2292, 2307, 2325, 2346, 2385, 2402, 2715, 2892, 2931, 2934, 3532, 3536, 3601, 3957, 3990, 3991, 5101, 5196, 7144, 7375, 7380, 7417, 8208, 8293, 8414, 8444, 8915, 9023, 9197, 9330, 9338, 9344, 10149, 10380, 10756, 11118, 11369, 11505, 11512, 11513, 11514, 11515, 11516, 11517, 11519, 11545, 11549, 11564, 11570, 11573, 11574, 11575, 11576, 11583, 11593, 11599, 11601, 11604, 11612, 11613, 11622, 11765, 11890, 11892, 11893, 11898, 11905, 11906, 11907, 12003, 12006, 12039, 12053, 12118, 12201, 12244]","53, 69, 72, 74, 79, 80, 87, 414, 415, 426, 441, 792, 807, 915, 1099, 1104, 1213, 1463, 2258, 2292, 2307, 2325, 2346, 2385, 2402, 2715, 2892, 2931, 2934, 3532, 3536, 3601, 3957, 3990, 3991, 5101, 5196, 7144, 7375, 7380, 7417, 8208, 8293, 8414, 8444, 8915, 9023, 9197, 9330, 9338, 9344, 10149, 10380, 10756, 11118, 11369, 11505, 11512, 11513, 11514, 11515, 11516, 11517, 11519, 11545, 11549, 11564, 11570, 11573, 11574, 11575, 11576, 11583, 11593, 11599, 11601, 11604, 11612, 11613, 11622, 11765, 11890, 11892, 11893, 11898, 11905, 11906, 11907, 12003, 12006, 12039, 12053, 12118, 12201, 12244",43.2,0.747282259064737,930.0434676953003,314.5243731889441
88,150,gold,2023-09-30,2023-11-30,110.1245275290584,55.06226369321573,[10758],10758,145.0,1.0,55.06226369321573,0.0
89,151,gold,2023-05-31,2023-12-31,136.57481979701183,85.45136851089929,"[5547, 10620, 10758, 10815]","5547, 10620, 10758, 10815",104.0,0.7614873675438337,65.07013766038274,20.38123085051654
90,153,gold,2022-12-31,2023-12-31,8.607781140656678,23.671398096946792,"[2083, 4138, 6853, 6868, 10620, 10815]","2083, 4138, 6853, 6868, 10620, 10815",0.0,0.0,0.0,23.671398096946792
91,154,gold,2020-08-31,2023-12-31,178.64807651250436,568.475170328933,"[2671, 3168, 4138, 8915, 9197, 10620, 10758, 10815]","2671, 3168, 4138, 8915, 9197, 10620, 10758, 10815",135.0,0.755675642500135,429.58283958369014,138.8923307452429
92,155,gold,2023-09-30,2023-11-30,56.90514571118822,4.356136568686421,[10620],10620,57.3,1.0,4.356136568686421,0.0
93,156,platinum,2023-11-30,2023-12-31,60.28388761298723,27.12774936733176,[11269],11269,30.0,0.497645410538138,13.499999970881527,13.62774939645023
94,157,gold,2023-04-30,2023-11-30,8.701568266370861,4.664438976115115,"[4488, 10758]","4488, 10758",28.5,1.0,4.664438976115115,0.0
95,158,platinum,2023-03-31,2023-12-31,47.002096189728356,101.63330616495632,"[3516, 3522, 3648, 3715, 9486, 11269]","3516, 3522, 3648, 3715, 9486, 11269",36.0,0.7659232867973087,77.84331590594053,23.7899902590158
96,159,gold,2020-08-31,2023-12-31,92.85158598433748,299.8007006768642,"[2671, 3168, 4138, 6853, 6868, 8915, 9197, 10620, 10758, 10815]","2671, 3168, 4138, 6853, 6868, 8915, 9197, 10620, 10758, 10815",77.6,0.835742321225292,250.55613348865148,49.24456718821274
97,162,gold,2023-05-31,2023-11-30,22.88408534724456,12.01085132530266,"[5211, 5212, 10758]","5211, 5212, 10758",22.0,0.9613668043170879,11.546833755733878,0.4640175695687821
98,163,gold,2023-09-30,2023-11-30,11.776168123812717,5.888084053890936,[10758],10758,7.9,0.6708464007086757,3.9499999946228828,1.9380840592680533
99,164,gold,2023-03-31,2023-12-31,26.921428152417054,88.61636750258046,"[3516, 3522, 3648, 3715, 5737, 5778, 6433, 6778, 6853, 6868, 8225, 9486, 10815, 11269]","3516, 3522, 3648, 3715, 5737, 5778, 6433, 6778, 6853, 6868, 8225, 9486, 10815, 11269",34.5,1.0,88.61636750258046,0.0
100,168,gold,2023-01-31,2023-12-31,403.7086282883896,461.17923704589947,"[2671, 3168, 5547, 10620, 10758, 10815]","2671, 3168, 5547, 10620, 10758, 10815",0.0,0.0,0.0,461.17923704589947
101,169,platinum,2023-08-31,2023-12-31,60.58978221492569,30.601683272948698,"[9400, 9486, 11269]","9400, 9486, 11269",47.3,0.7806596800796572,23.88950027375913,6.712182999189569
102,169,gold,2023-08-31,2023-12-31,60.58978221492569,58.547138411908236,"[9400, 9486, 11269]","9400, 9486, 11269",47.3,0.7806596800796572,45.705390342219694,12.84174806968854
103,171,platinum,2014-05-31,2023-12-31,24.35608516938945,335.2575809453971,"[53, 79, 792, 1213, 2307, 2931, 2934, 3532, 3536, 3601, 5196, 5700, 6853, 6868, 7205, 7375, 7380, 7417, 8208, 8414, 8444, 8915, 9197, 10149, 10380, 10620, 10747, 10815, 11118, 11369, 11505, 11512, 11513, 11514, 11515, 11516, 11517, 11593, 11601, 11604, 11613, 11622, 11893, 11898, 12003, 12006, 12039, 12053, 12118, 12244]","53, 79, 792, 1213, 2307, 2931, 2934, 3532, 3536, 3601, 5196, 5700, 6853, 6868, 7205, 7375, 7380, 7417, 8208, 8414, 8444, 8915, 9197, 10149, 10380, 10620, 10747, 10815, 11118, 11369, 11505, 11512, 11513, 11514, 11515, 11516, 11517, 11593, 11601, 11604, 11613, 11622, 11893, 11898, 12003, 12006, 12039, 12053, 12118, 12244",16.6,0.6815545225988436,228.49632052888327,106.76126041651379
104,174,gold,2023-09-30,2023-12-31,70.31556660262187,35.38824283638368,"[10758, 10815]","10758, 10815",67.0,0.9528473314968887,33.71959275301208,1.6686500833716025
105,175,gold,2023-03-31,2023-12-31,27.478133396783868,59.66467950221195,"[3516, 3522, 3648, 3715, 9486, 11269]","3516, 3522, 3648, 3715, 9486, 11269",13.0,0.47310346056917985,28.227566346247485,31.437113155964468
106,176,gold,2022-12-31,2023-12-31,30.17530607005169,87.1659937817909,"[2083, 2671, 3168, 4138, 6853, 6868, 10620, 10815]","2083, 2671, 3168, 4138, 6853, 6868, 10620, 10815",39.8,1.0,87.1659937817909,0.0
107,177,gold,2023-09-30,2023-11-30,13.49357411974583,6.746787048543454,[10620],10620,11.3,0.8374356489778448,5.649999990512306,1.0967870580311483
108,178,gold,2023-04-30,2023-12-31,41.74551332074394,81.52763982583299,"[3715, 9486, 11099, 11269]","3715, 9486, 11099, 11269",0.0,0.0,0.0,81.52763982583299
109,179,gold,2023-05-31,2023-09-30,1148.6117280731823,775.5416226644841,"[6460, 7593, 8135, 8399, 8535]","6460, 7593, 8135, 8399, 8535",0.0,0.0,0.0,775.5416226644841
110,180,gold,2023-08-31,2023-12-31,311.2618050761574,452.1390899978072,"[9400, 9486, 11269]","9400, 9486, 11269",165.0,0.5301003763042142,239.6791017496826,212.45998824812463
111,181,platinum,2020-08-31,2023-12-31,35.396486396003844,5.821666555541475,"[2083, 4138, 5700, 6853, 6868, 7205, 8414, 8915, 10620, 10747, 10815]","2083, 4138, 5700, 6853, 6868, 7205, 8414, 8915, 10620, 10747, 10815",30.2,0.8531920276530466,4.966999492842358,0.8546670626991164
112,181,gold,2020-08-31,2023-12-31,35.396486396003844,143.45487669662708,"[2083, 3516, 3522, 4138, 5700, 6853, 6868, 8414, 8915, 10620, 10747, 10815]","2083, 3516, 3522, 4138, 5700, 6853, 6868, 8414, 8915, 10620, 10747, 10815",30.2,0.8531920276530466,122.39455712551305,21.06031957111404
113,182,platinum,2014-05-31,2023-12-31,52.679780118673655,1026.091172978517,"[53, 79, 87, 792, 807, 1213, 1463, 2258, 2292, 2307, 2325, 2346, 2402, 2715, 2892, 2931, 2934, 3532, 3536, 3601, 3957, 5196, 7375, 7380, 7417, 8208, 8414, 8444, 8915, 9023, 9197, 9330, 9338, 9344, 10149, 10380, 10756, 11118, 11369, 11505, 11512, 11513, 11514, 11515, 11516, 11517, 11519, 11575, 11576, 11583, 11593, 11599, 11601, 11604, 11612, 11613, 11622, 11765, 11890, 11892, 11893, 11898, 12003, 12006, 12039, 12053, 12118, 12201, 12244]","53, 79, 87, 792, 807, 1213, 1463, 2258, 2292, 2307, 2325, 2346, 2402, 2715, 2892, 2931, 2934, 3532, 3536, 3601, 3957, 5196, 7375, 7380, 7417, 8208, 8414, 8444, 8915, 9023, 9197, 9330, 9338, 9344, 10149, 10380, 10756, 11118, 11369, 11505, 11512, 11513, 11514, 11515, 11516, 11517, 11519, 11575, 11576, 11583, 11593, 11599, 11601, 11604, 11612, 11613, 11622, 11765, 11890, 11892, 11893, 11898, 12003, 12006, 12039, 12053, 12118, 12201, 12244",27.7,0.525818443767214,539.537663738839,486.5535092396781
114,183,gold,2023-09-30,2023-11-30,42.28920948153218,21.144604712464048,[10758],10758,36.7,0.8678336731744063,18.349999975438536,2.7946047370255123
115,184,gold,2023-04-30,2023-12-31,12.601549235739602,24.57302096128448,"[3715, 9486, 11269]","3715, 9486, 11269",7.1,0.563422787720695,13.844999972725974,10.728020988558507
116,185,gold,2023-04-30,2023-12-31,32.533429220100885,63.440186854614765,"[3715, 9486, 11269]","3715, 9486, 11269",31.0,0.9528660440396043,60.449999881290076,2.9901869733246875
117,186,gold,2023-04-30,2023-12-31,5.11833038963201,9.980744239957668,"[3715, 9486, 11269]","3715, 9486, 11269",3.5,0.6838167397497054,6.824999986443503,3.155744253514164
118,187,gold,2023-04-30,2023-12-31,41.425574601811455,61.22526828579453,"[3715, 9486, 11269]","3715, 9486, 11269",23.7,0.5721103503767367,35.027609690895616,26.19765859489891
119,188,gold,2014-05-31,2023-12-31,57.643132401329986,994.8262779695647,"[53, 79, 87, 792, 1104, 1213, 1463, 2258, 2292, 2307, 2325, 2346, 2402, 2892, 2931, 2934, 3532, 3536, 3601, 3957, 5196, 6853, 6868, 7144, 7375, 7380, 7417, 8208, 8414, 8444, 8915, 9197, 10149, 10380, 11118, 11369, 11505, 11512, 11513, 11514, 11515, 11516, 11517, 11575, 11576, 11583, 11593, 11599, 11601, 11604, 11612, 11613, 11622, 11765, 11890, 11892, 11893, 11898, 12003, 12006, 12039, 12053, 12118, 12244]","53, 79, 87, 792, 1104, 1213, 1463, 2258, 2292, 2307, 2325, 2346, 2402, 2892, 2931, 2934, 3532, 3536, 3601, 3957, 5196, 6853, 6868, 7144, 7375, 7380, 7417, 8208, 8414, 8444, 8915, 9197, 10149, 10380, 11118, 11369, 11505, 11512, 11513, 11514, 11515, 11516, 11517, 11575, 11576, 11583, 11593, 11599, 11601, 11604, 11612, 11613, 11622, 11765, 11890, 11892, 11893, 11898, 12003, 12006, 12039, 12053, 12118, 12244",70.6,1.0,994.8262779695647,0.0
120,189,gold,2023-04-30,2023-12-31,28.16296438031117,54.91778043234936,"[3715, 9486, 11269]","3715, 9486, 11269",0.0,0.0,0.0,54.91778043234936
121,190,platinum,2014-02-28,2023-12-31,247.75918968944316,5725.496800284981,"[53, 69, 72, 74, 79, 80, 87, 414, 415, 426, 441, 792, 807, 1213, 1463, 2258, 2292, 2307, 2325, 2346, 2385, 2402, 2563, 2565, 2715, 2892, 2931, 2934, 3532, 3536, 3601, 3957, 3990, 3991, 5196, 5720, 7144, 7375, 7380, 7417, 8208, 8293, 8414, 8444, 8915, 9023, 9197, 9330, 9338, 9344, 10149, 10380, 10756, 11118, 11369, 11505, 11512, 11513, 11514, 11515, 11516, 11517, 11519, 11545, 11549, 11564, 11570, 11571, 11573, 11574, 11575, 11576, 11583, 11593, 11599, 11601, 11604, 11612, 11613, 11622, 11765, 11890, 11892, 11893, 11898, 11905, 11906, 11907, 12003, 12006, 12039, 12053, 12118, 12201, 12244]","53, 69, 72, 74, 79, 80, 87, 414, 415, 426, 441, 792, 807, 1213, 1463, 2258, 2292, 2307, 2325, 2346, 2385, 2402, 2563, 2565, 2715, 2892, 2931, 2934, 3532, 3536, 3601, 3957, 3990, 3991, 5196, 5720, 7144, 7375, 7380, 7417, 8208, 8293, 8414, 8444, 8915, 9023, 9197, 9330, 9338, 9344, 10149, 10380, 10756, 11118, 11369, 11505, 11512, 11513, 11514, 11515, 11516, 11517, 11519, 11545, 11549, 11564, 11570, 11571, 11573, 11574, 11575, 11576, 11583, 11593, 11599, 11601, 11604, 11612, 11613, 11622, 11765, 11890, 11892, 11893, 11898, 11905, 11906, 11907, 12003, 12006, 12039, 12053, 12118, 12201, 12244",250.0,1.0,5725.496800284981,0.0
122,191,platinum,2014-03-31,2023-12-31,129.96577629886846,2777.4220343193697,"[53, 74, 79, 87, 792, 1213, 1463, 2258, 2292, 2307, 2325, 2346, 2402, 2892, 2931, 2934, 3532, 3536, 3601, 3957, 5196, 7375, 7380, 7417, 8208, 8414, 8444, 8915, 9023, 9330, 9338, 9344, 10149, 10380, 10756, 11369, 11505, 11512, 11513, 11514, 11515, 11516, 11517, 11519, 11545, 11549, 11571, 11574, 11575, 11576, 11583, 11593, 11599, 11601, 11604, 11612, 11613, 11622, 11765, 11890, 11892, 11893, 11898, 12003, 12006, 12039, 12053, 12201, 12244]","53, 74, 79, 87, 792, 1213, 1463, 2258, 2292, 2307, 2325, 2346, 2402, 2892, 2931, 2934, 3532, 3536, 3601, 3957, 5196, 7375, 7380, 7417, 8208, 8414, 8444, 8915, 9023, 9330, 9338, 9344, 10149, 10380, 10756, 11369, 11505, 11512, 11513, 11514, 11515, 11516, 11517, 11519, 11545, 11549, 11571, 11574, 11575, 11576, 11583, 11593, 11599, 11601, 11604, 11612, 11613, 11622, 11765, 11890, 11892, 11893, 11898, 12003, 12006, 12039, 12053, 12201, 12244",130.0,1.0,2777.4220343193697,0.0
123,192,platinum,2014-03-31,2023-12-31,282.0189277559333,6153.995034207089,"[53, 74, 79, 87, 441, 792, 807, 1213, 1463, 2258, 2292, 2307, 2325, 2346, 2402, 2892, 2931, 2934, 3532, 3536, 3601, 3957, 5196, 7375, 7380, 7417, 8208, 8414, 8444, 8915, 9023, 9197, 9330, 9338, 9344, 10149, 10380, 10756, 11118, 11369, 11505, 11512, 11513, 11514, 11515, 11516, 11517, 11519, 11545, 11549, 11571, 11574, 11575, 11576, 11583, 11593, 11599, 11601, 11604, 11612, 11613, 11622, 11765, 11890, 11892, 11893, 11898, 11920, 11921, 12003, 12006, 12039, 12053, 12118, 12201, 12244]","53, 74, 79, 87, 441, 792, 807, 1213, 1463, 2258, 2292, 2307, 2325, 2346, 2402, 2892, 2931, 2934, 3532, 3536, 3601, 3957, 5196, 7375, 7380, 7417, 8208, 8414, 8444, 8915, 9023, 9197, 9330, 9338, 9344, 10149, 10380, 10756, 11118, 11369, 11505, 11512, 11513, 11514, 11515, 11516, 11517, 11519, 11545, 11549, 11571, 11574, 11575, 11576, 11583, 11593, 11599, 11601, 11604, 11612, 11613, 11622, 11765, 11890, 11892, 11893, 11898, 11920, 11921, 12003, 12006, 12039, 12053, 12118, 12201, 12244",297.0,1.0,6153.995034207089,0.0
124,199,platinum,2016-05-31,2023-12-31,97.8411098684858,603.8632616829467,"[79, 792, 1213, 2083, 2307, 3601, 4138, 5700, 6853, 6868, 7205, 8208, 8414, 8915, 10380, 10620, 10747, 10815, 10850, 11604, 11622]","79, 792, 1213, 2083, 2307, 3601, 4138, 5700, 6853, 6868, 7205, 8208, 8414, 8915, 10380, 10620, 10747, 10815, 10850, 11604, 11622",96.9,0.9903812429177183,598.0548476579041,5.808414025042547
125,199,gold,2016-05-31,2023-12-31,97.8411098684858,23.957900211882524,"[79, 792, 2083, 4138, 5700, 6853, 6868, 7205, 8208, 8414, 8915, 10380, 10620, 10747, 10815]","79, 792, 2083, 4138, 5700, 6853, 6868, 7205, 8208, 8414, 8915, 10380, 10620, 10747, 10815",96.9,0.9903812429177183,23.72745498954288,0.2304452223396423
126,200,gold,2023-09-30,2023-11-30,52.74741152929283,26.373705727948128,[10758],10758,27.9,0.5289359077744691,13.949999980588958,12.42370574735917
127,201,gold,2023-09-30,2023-11-30,75.39308547494618,38.53849000849019,"[10620, 10758]","10620, 10758",73.2,0.9709113181781776,37.41745613473974,1.1210338737504548
128,202,platinum,2014-02-28,2023-12-31,10391.16954373705,139777.1423318612,"[53, 69, 72, 74, 79, 87, 414, 415, 426, 441, 792, 807, 1099, 1104, 1213, 1463, 2258, 2292, 2307, 2325, 2346, 2385, 2402, 2715, 2892, 2931, 2934, 3060, 3140, 3532, 3536, 3601, 3957, 3990, 3991, 4138, 5196, 6853, 6868, 7144, 7205, 7375, 7380, 7417, 8208, 8293, 8414, 8444, 8915, 9023, 9197, 9330, 9338, 9344, 10028, 10149, 10380, 10747, 10756, 10815, 10896, 10897, 10899, 10905, 11118, 11369, 11505, 11512, 11513, 11514, 11515, 11516, 11517, 11519, 11545, 11549, 11571, 11574, 11575, 11576, 11583, 11593, 11599, 11601, 11604, 11612, 11613, 11622, 11765, 11890, 11892, 11893, 11898, 11905, 11906, 11920, 11921, 12003, 12006, 12039, 12053, 12118, 12201, 12244]","53, 69, 72, 74, 79, 87, 414, 415, 426, 441, 792, 807, 1099, 1104, 1213, 1463, 2258, 2292, 2307, 2325, 2346, 2385, 2402, 2715, 2892, 2931, 2934, 3060, 3140, 3532, 3536, 3601, 3957, 3990, 3991, 4138, 5196, 6853, 6868, 7144, 7205, 7375, 7380, 7417, 8208, 8293, 8414, 8444, 8915, 9023, 9197, 9330, 9338, 9344, 10028, 10149, 10380, 10747, 10756, 10815, 10896, 10897, 10899, 10905, 11118, 11369, 11505, 11512, 11513, 11514, 11515, 11516, 11517, 11519, 11545, 11549, 11571, 11574, 11575, 11576, 11583, 11593, 11599, 11601, 11604, 11612, 11613, 11622, 11765, 11890, 11892, 11893, 11898, 11905, 11906, 11920, 11921, 12003, 12006, 12039, 12053, 12118, 12201, 12244",10345.0,0.9955568481928121,139156.09126930582,621.0510625553702
129,206,platinum,2014-05-31,2023-12-31,74.76834515131328,1450.2971268479153,"[53, 79, 87, 792, 1099, 1104, 1213, 1463, 2258, 2292, 2307, 2325, 2346, 2402, 2892, 2931, 2934, 3532, 3536, 3601, 3957, 5196, 5700, 6853, 6868, 7144, 7205, 7375, 7380, 7417, 8208, 8414, 8444, 8915, 9197, 10149, 10380, 11118, 11369, 11505, 11512, 11513, 11514, 11515, 11516, 11517, 11519, 11575, 11576, 11583, 11593, 11599, 11601, 11604, 11612, 11613, 11622, 11765, 11890, 11892, 11893, 11898, 12003, 12006, 12039, 12053, 12118, 12201, 12244]","53, 79, 87, 792, 1099, 1104, 1213, 1463, 2258, 2292, 2307, 2325, 2346, 2402, 2892, 2931, 2934, 3532, 3536, 3601, 3957, 5196, 5700, 6853, 6868, 7144, 7205, 7375, 7380, 7417, 8208, 8414, 8444, 8915, 9197, 10149, 10380, 11118, 11369, 11505, 11512, 11513, 11514, 11515, 11516, 11517, 11519, 11575, 11576, 11583, 11593, 11599, 11601, 11604, 11612, 11613, 11622, 11765, 11890, 11892, 11893, 11898, 12003, 12006, 12039, 12053, 12118, 12201, 12244",74.6,0.9977484435295098,1447.0317009678274,3.2654258800878364
130,207,platinum,2023-09-30,2023-12-31,55707.767822066155,4843.919182920532,"[10920, 10938, 10942, 11721, 11732, 11990, 11992, 12035]","10920, 10938, 10942, 11721, 11732, 11990, 11992, 12035",55451.0,0.9953908075641034,4821.59262726252,22.32655565801193
131,207,gold,2023-07-31,2023-12-31,55707.767822066155,32695.1204273476,"[7593, 8535, 10919, 10920, 10938, 10942, 11721, 11732, 11990, 11992, 12035]","7593, 8535, 10919, 10920, 10938, 10942, 11721, 11732, 11990, 11992, 12035",55451.0,0.9953908075641034,32544.42232558314,150.69810176446015
